,한국어(ko),영어(en),일본어(ja),중국어-간체(zh-chs),중국어-번체(zh-),러시아어(ru),말레이시아어(ms),베트남어(vi),스페인어(es),인도네시아어(id),태국어(th),포르투갈어(pt)
BAEK_SIWOO,백시우,Siwoo,白井・新,白时宇,白時宇,Бэк Шиу,Siwoo,Siwoo,Siwoo,Siwoo,แบคชีอู,Siwoo
JEONG_DAHEE,정다희,Dahee,飛鳥・夏希,郑多熙,鄭多熙,Чон Дахи,Dahee,Dahee,Dahee,Dahee,จองดาฮี,Dahee
YUN_BIN,윤빈,Bin Yeon,黒川・愛,尹彬,尹彬,Юнбин,Bin Yeon,Yoonbin,YoonBin,Bin Yeun,ยุนบิน,YoonBin
YAMADERA,야마데라,Yamadera,山寺・湊,山寺,山寺,Ямадера,Yamadera,Yamadera,Yamadera,Yamadera,ยามาเดระ,Yamadera
MA_YOONSEOK,마윤석,Yoonseok,伊藤・忠英,马允硕,馬允碩,Ма Юнсок,Yoonseok,Yoonseok,Yunseok,Yunseok,มายุนซอก,Yunseok
NAM_JAEHYUN,남재현,Jaehyun,黒崎・陵,南宰贤,南宰賢,Нам Чжэхён,Jaehyun,Jaehyeon,Jaehyun,Jaehyeon,นัมแจฮยอน,Jaehyun
OASIS,오아시스,Oasis,オアシス,绿洲,綠洲,Оазис,Oasis,Oasis,Oasis,Oasis,โอเอซิส,Oásis
KIM_HEESUNG,김희성,Heeseong,橘・昴,金熙成,金熙成,Ким Хисон,Heeseong,Heeseong,Heesung,Hee Sung,คิมฮีซอง,Heesung
HAN_SOLHWA,한설화,Seolhwa,氷川・圭,韩瑟华,韓瑟華,Хан Сольхва,Seolhwa,Seolhwa,Seolhwa,Seol Hwa,ฮันซอลฮวา,Seolhwa
SANGHYEON,상현,Sanghyeon,白石・優翔,尚贤,尚賢,Санхён,Sanghyeon,Sanghyeon,Sanghyeon,Sanghyeon,ซังฮยอน,Sanghyeon
NISHIKAWA,니시카와,Nishikawa,西川・蓮,西川,西川,Нисикава,Nishikawa,Nishikawa,Nishikawa,Nishikawa,นิชิกาวะ,Nishikawa
LEE_YOUNGSEOB,이영섭,Yongsup,佐藤・一翔,李英燮,李英燮,Ли Ёнсоб,Yongsup,Yeongseob,Youngsup,Young Sup,อียองซอบ,Youngsup
LISIA,리시아,Lisia,リシア,莉西亚,莉西亞,Лисиа,Lisia,Lisia,Liscia,Lisia,ลิเซีย,Liscia
ARTIS,아티스,Atis,アティス,亚提斯,亞提斯,Атис,Atis,Atis,Athis,Atis,เอทีซ,Athis
JO_MINJUN,조민준,Minjun,岩田・力,赵敏俊,趙敏俊,Чо Минчжун,Minjun,Minjun,Minjun,Minjun,โจมินจุน,Minjun
AYEON,아연,Ayeon,星野・夢,雅莹,雅瑩,Аён,Ayeon,Ahyeon,Ayeon,Ahyeon,อายอน,Ayeon
JEONG_SOHEE,정소희,Sohee,飛鳥・梨花,郑素熙,鄭素熙,Чон Сохи,Sohee,Sohee,Sohee,Sohee,จองโซฮี,Sohee
NN,NN,NN,NN,NN,NN,Эн Эн,NN,Vô Danh,NN,NN,NN,NN
ISABEL_CLONE,이사벨 클론,Isabel Clone,イザベルのクローン,伊莎贝尔克隆体,伊莎貝爾克隆體,Клон Изабель,Klon Isabel,Bản Sao Isabel,Clon de Isabel,Klon Isabel,ร่างโคลนอิซาเบล,Clone de Isabel
ISABEL,이사벨,Isabel,イザベル,伊莎贝尔,伊莎貝爾,Изабель,Isabel,Isabel,Isabel,Isabel,อิซาเบล,Isabel
ROBERTO,로베르토,Roberto,ロベルト,罗伯特,羅伯特,Роберто,Roberto,Roberto,Roberto,Roberto,โรแบร์โต,Roberto
LEON,레온,Leon,レオン,莱昂,萊昂,Леон,Leon,Leon,León,Leon,เลออน,Leão
VIOLA,비올라,Viola,ヴィオラ,维奥拉,維奧拉,Виолла,Viola,Viola,Viola,Viola,วิโอล่า,Viola
HONGSI,홍시,Hongshi,白羽・日向乃,红柿,洪詩,Хонши,Hongshi,Hongsi,Hongsi,Hongsi,ฮงชี,Hongshi
SODAM,소담,Sodam,小町・翆,芷柔,芷柔,Содам,Sodam,Sodam,Sodam,Sodam,โซดัม,Sodam
HANRA,한라,Hanra,雀・煉華,静岚,靜嵐,Халла,Hanra,Hanra,Hanra,Hanra,ฮันรา,Hanla
MUYEONG,무영,Muyeong,亀井・瀬亜,锋泽,鋒澤,Муён,Muyeong,Muyung,Muyeong,Muyoung,มูยอง,Muyeong
RYUHYUN,류현,Ryuhyeon,青龍・真一,昊天,昊天,Рюхён,Ryuhyeon,Ryuhyeon,Ryuhyeon,Ryuhyun,รยูฮยอน,Ryuhyeon
HEO_JAEHO,허재호,Jaeho,佐々木・仁,许在浩,許在浩,Хо Чжехо,Jaeho,Jaeho,Jaeho,Jaeho,แจโฮ,Jaeho
KWON_OHJUN,권오준,Ohjun,荻田・賢二,权伍俊,權伍俊,Квон Оджун,Ojun,Ohjun,Ohjun,Ojun,โอจุน,Ohjun
IN_JAGANG,인자강,Jagang,山川・晃暉,仁子刚,仁子剛,Ин Чаган,Victor Kuat,Jagang,Jagang,Victor,สตรอง,Jagang
SIM_INRYEOK,심인력,Inryeok,大竹・柊人,沈仁力,沈仁力,Сим Иллёк,Inryeok,Inryeok,Inryeok,Inryeok,อินรย็อก,Inryeok
KANG_HYUNSOO,강현수,Hyunsoo,中井・雄星,姜贤洙,姜賢洙,Кан Хёнсу,Hyunsoo,Hyeonsu,Hyunsoo,Hyunsoo,ฮยอนซู,Hyunsoo
KIM_JAEHYUN,김재현,Jaehyun,江口・竜馬,金在贤,金在賢,Ким Чжехён,Jaehyun,Jaehyun,Jaehyun,Jaehyun,คิมแจฮยอน,Jaehyun
KIM_DUIL,김두일,Duil,堀田・健介,金斗一,金斗一,Ким Дуиль,Duil,Duil,Duil,Duil,ดูอิล,Duil
MOON_JUNGBIN,문정빈,Jeongbin,室谷・蒼,文正彬,文正彬,Мун Чжонбин,Jeongbin,Jeongbin,Jungbin,Jeongbin,จองบิน,Jungbin
JANG_SEHWAN,장세환,Sehwan,落合・昭人,张世焕,張世煥,Чан Сехван,Sehwan,Sehwan,Sehwan,Sehwan,เซฮวาน,Sehwan
KIM_EUNSEOB,김은섭,Eunseob,亀井・斗真,金恩燮,金恩燮,Ким Ынсоп,Eunsup,Eunseob,Eunseop,Eunsup,อึนซอบ,Eunseob
OH_YOUNGJAE,오영재,Yeongjae,吉沢・啓,吴永在,吳永在,О Ёнджэ,Yeongjae,Yeongjae,Youngjae,Yeong Jae,ยองแจ,Youngjae
KIM_MINJAE,김민재,KimMin,山村・光一,金民载,金民載,Ким Миндже,KimMin,KimMin,KimMin,KimMin,คิมมิน,KimMin
KWON_MINJAE,권민재,KwonMin,横井・幸一,权敏宰,權敏宰,Квон Миндже,KwonMin,KwonMin,KwonMin,KwonMin,ควอนมิน,KwonMin
GRANDPA,의문의 할아버지,Mystery Grandpa,謎のじいちゃん,神秘老人,神秘老人,Дедуля,Datuk Misteri,Ông Nội Bí Ẩn,Abuelo Misterioso,Kakek Misterius,คุณปู่ปริศนา,Avô Misterioso
JEONG_SUNHANG,정순항,Sunhang,稲田・恭介,郑顺航,鄭舜恒,Чон Сунхан,Sunhang,Sunhang,Sunhang,Sunhang,ซุนฮัง,Sunhang
CHOI_BARAE,최바래,Barae Choi,林田・銀二,崔巴莱,崔巴萊,Чхве Парэ,Choi Barae,Barae,Barae,Barae,พาแร,Barae
DAN_BAEKJIL,단백질,Proteus,プロテオス,蛋白诺,蛋白諾,Протен,Proteo,Protein,Proteo,Proteo,โปรทีโอ,Proteu
SQUAT,스쿼트,Squattus,スクワトス,深蹲,深蹲,Присе Даня,Squato,Squat,Squat,Squat,สควอท,Squat
BENCHPRESS,벤치프레스,Benpressus,ベンプレッサス,卧推,臥推,Вы Пад,Benchpress,Benchpress,Benchpress,Benchpress,เบนช์เพรส,Benpress
SHIN_BADA,신바다,Nautilus,水口・京子,申巴达,申巴達,Шин Морэ,Laut Baru,Bada,Bada,Sin Bada,นิวซี,Bada
LEE_PUREUM,이푸름,Pureum,篠田・なな,李青蓝,李青藍,Ли Пурым,Pureum,Pureum,Pureum,Pureum,ฟ้าคราม,Pureum
JEONG_JIHWANG,정지황,Jihwang,池上・信二,郑志皇,鄭志皇,Чон Чжихван,Jihwang,Jihwang,Jihwang,Jihwang,จีฮวัง,Jihwang
LEE_JAEWOOK,이재욱,Jaewook,原口・雄太郎,李在旭,李在旭,Ли Чжэук,Jaewook,Jaewook,Jaewook,Jaewook,แจอุค,Jaewook
KIM_YOUNGSEOK,김영석,Yeongseok,河原・祐介,金永硕,金永碩,Ким Ёнсок,Yeongseok,Yeongseok,Youngseok,Yeongseok,ยองซอก,Youngseok
2KNO3,2KNO3,2KNO3,2KNO3,2KNO3,2KNO3,2KNO3,2KNO3,2KNO3,2KNO3,2KNO3,2KNO3,2KNO3
3C,3C,3C,3C,3C,3C,3C,3C,3C,3C,3C,3C,3C
PARK_JONGHA,박종하,Jongha,島崎・亮祐,朴钟夏,朴鍾夏,Пак Чжонха,Jongha,Jongha,Jongha,Jongha,จงฮา,Jongha
KIM_SEOKGYU,김석규,Seokgyu,高松・銀二,金硕奎,金碩奎,Ким Сокгю,Seokgyu,Seokgyu,Seokgyu,Seokgyu,ซอกกยู,Seokgyu
PARK_CHEOLSU,박철수,Cheolsu,矢島・凛太朗,朴哲秀,朴哲秀,Пак Чхольсу,Cheolsu,Cheolsu,Cheolsu,Cheolsu,ชอลซู,Cheolsu
SHIN_ILBONG,신일봉,Ilbong,千葉・善次郎,申一峰,申一峰,Шин Ильбон,Ilbong,Ilbong,Ilbong,Ilbong,อิลบง,Ilbong
SIBIR,시비르,Sivir,シビル,西比尔,西比爾,Сибер,Sibir,Sivir,Sibir,Sivir,บีเรร์,Sibir
ARUGUR,애르거,Arugur,エルガ,艾尔格,艾爾格,Аргур,Aereugeo,Arugur,Arugur,Arugur,แอร์เกอร์,Arugur
ROBERT,로버트,Robert,ロバート,罗伯特,羅伯特,Роберт,Robert,Robert,Robert,Robert,โรเบิร์ต,Robert
ALEX,알렉스,Alex,アレックス,亚历克斯,亞歷克斯,Алекс,Alex,Alex,Alex,Alex,อเล็กซ์,Alex
PAUL,폴,Paul,ポール,保罗,保羅,Пол,Paul,Paul,Paul,Paul,พอล,Paul
KEVIN,케빈,Kevin,ケビン,凯文,凱文,Кевин,Kevin,Kevin,Kevin,Kevin,เควิน,Kevin
BROCCOLI,브로콜리,Broccolius,ブロッコリウス,西兰花,花椰菜,Брок Коли,Brokolios,Bông Cải,Brócoli,Brokoli,บร็อคโคลี,Brócolis
KIM_GIANT,김거인,Giant Kim,キム・巨人,金巨人,金巨人,Ким Гоин,Kim Raksasa,Kim Khổng Lồ,Gigante Kim,Kim Raksasa,ไจแอนท์,Gigante Kim
BIG_GIANT,큰거인,Titan Park,巨・人太,大巨人,大巨人,Кхын Гоин,Raksasa Besar,Người Khổng Lồ,Gigante Grande,Big Raksasa,ยักษา,Gigante Grande
CHOI_GIANT,최거인,Giant Choi,山田・巨人,崔巨人,崔巨人,Чхве Гоин,Choi Raksasa,Choe Khổng Lồ,Gigante Choi,Choi Raksasa,ฮัลค์,Gigante Choi
KIM_CHOJI,김초지,Choji,平松・ひなた,金楚志,金楚志,Ким Чходжи,Choji,Choji,Choji,Choji,โชจี,Choji
LEE_DONGGEON,이동건,Donggeon,小森・龍一,李东建,李東建,Ли Донгон,Donggeon,Donggeon,Donggeon,Donggeon,ดงกอน,Donggeon
PARK_JUNSEO,박준서,Junseo,向井・りく,朴俊瑞,朴俊瑞,Пак Чжунсо,Junseo,Junseo,Junseo,Junseo,จุนซอ,Junseo
HANH_DONGYEON,황동연,Dongyeon,吉沢・達也,黄东延,黃東延,Хван Донён,Dongyeon,Dongyeong,Dongyeon,Dong Yeon,ดงยอน,Dongyeon
KIM_MINKYU,김민규,Mingyu,久保田・淳,金敏奎,金敏奎,Ким Мингю,Mingyu,Minkyu,Minkyu,Min Gyu,มินกยู,Minkyu
PARK_CHEOLWON,박철원,Cheolwon,徳永・大志,朴哲源,朴哲源,Пак Чхольвон,Cheolwon,Cheolwon,Cheolwon,Cheolwon,ชอลวอน,Cheolwon
JANG_HOWON,장호원,Howon,中沢・海斗,张浩元,張浩元,Чан Ховон,Howon,Howon,Howon,Howon,โฮวอน,Howon
LEE_UISEONG,이의성,Uiseong,杉田・まもる,李义成,李義成,Ли Исын,Uiseong,Uiseong,Uiseong,Uiseong,อึยซอง,Uiseong
KIM_MIRAE,김미래,Mirae,佐藤・未来,金美莱,金美萊,Ким Мирэ,Mirae,Mirae,Mirae,Mirae,ฟิวเจอร์,Mirae
SHIN_HANGUN,신항운,Hangun,飯島・大輝,申恒云,申恆雲,Шин Ханун,HangUn,Hangun,Hangun,Hang Un,ฮังอุน,Hangun
LEE_HYUKJIN,이혁진,Hyukjin,塚本・慎太郎,李赫镇,李赫鎮,Ли Хёкджин,Hyukjin,Hyukjin,Hyukjin,Hyukjin,ฮยอกจิน,Hyukjin
SHIN_HYEONGSEOB,신형섭,Hyongsup,田代・仁,申亨燮,申亨燮,Шин Хёнсоп,Hyongsup,Hyeongseob,Hyeongseob,Hyoung Sup,ฮยองซอบ,Hyeongseob
JANG_YONGBI,장용비,Yongbi,河合・健太郎,张勇飞,張勇飛,Чан Ёнби,Yongbi,Yongbi,Yongbi,Yongbi,ยงบี,Yongbi
KIM_JINWOO,김진우,Jinwoo,青山・健司,金真宇,金真宇,Ким Чжину,Jinwoo,Jinwoo,Jinwoo,Jinwoo,จินอู,Jinwoo
HA_HYEON,하현,Hahyeon,白石・優希,河贤,河賢,Ха Хён,Hahyeon,Hahyeon,Hahyeon,Hahyeon,ฮาฮยอน,Hahyeon
BORUEM,보름,Boreum,ボルム,宝凌,寶凌,Борым,Boreum,Bo-reum,Boreum,Boreum,ฟูลมูน,Boreum
CACO3,CaCO3,CaCO3,CaCO3,CaCO3,CaCO3,CaCO3,CaCO3,CaCO3,CaCO3,CaCO3,CaCO3,CaCO3
WON_JIHO,원지호,Jiho,西山・浩二,元智浩,元智浩,Вон Чжихо,Jiho,Jiho,Jiho,Jiho,จีโฮ,Jiho
JEONG_HYEONUK,정현욱,Hyeonuk,鎌田・亮祐,郑铉旭,鄭鉉旭,Чон Хёнук,Hyeonuk,Hyeonuk,Hyeonuk,Hyeonuk,ฮยอนอุค,Hyeonuk
KIM_DABIN,김다빈,Dabin,高山・寧々,金多彬,金多彬,Ким Дабин,Dabin,Dabin,Dabin,Dabin,ดาบิน,Dabin
LEE_JUNHYUNG,이준형,Junhyung,本田・修,李俊亨,李俊亨,Ли Чжунхён,Junhyung,Junhyung,Junhyung,Junhyung,จุนฮยอง,Junhyung
KIM_HEONTAE,김헌태,Heontae,浅野・雄大,金宪泰,金憲泰,Ким Хонтэ,Heontae,Heontae,Heontae,Heontae,ฮอนแท,Heontae
LEE_KWANGIN,이광인,Kwangin,中西・彰,李光仁,李光仁,Ли Гванин,Kwangin,Kwangin,Kwangin,Kwangin,ควังอิน,Kwangin
SHIN_SEONGHUN,신성훈,Seonghun,久保田・そら,申成勋,申成勛,Шин Сонхун,Seonghun,Seonghun,Seonghun,Seonghun,ซองฮุน,Seonghun
YOO_SEONGJWA,유성좌,Seongjwa,青沼・昌磨,刘星佐,劉星佐,Ю Сонджва,Seongjwa,Seongjwa,Seongjwa,Seongjwa,ซองจวา,Seongjwa
GU_SEONGGWANG,구성광,Seonggwang,渡部・慎吾,具成光,具成光,Ку Сонгван,Seonggwang,Seonggwang,Seonggwang,Seonggwang,ซองกวัง,Seonggwang
YOO_JINI,유지니,Jini,川口・りん,刘智妮,劉智妮,Ю Джини,Jini,Jini,Jini,Jini,จินนี่,Jini
PARK_SOIN,박소인,Soin,安藤・なお,朴小茵,朴小茵,Пак Соин,Soin,Soin,Soin,Soin,โซอิน,Soin
JA_GUNHYEONG,자근형,Lil'Bro,吉田・次郎,小哥哥,小哥哥,Младшой,Abang Kecil,Anh Nhỏ,Hermanito,Kakak Kecil,น้องพี่,Irmãozinho
YOO_GWANGUN,유광운,Gwangun,菊池・秀,刘光运,劉光運,Ю Гванун,Gwangun,Gwangun,Gwangun,Gwangun,ควังอุน,Gwangun
LEE_EUNSEONG,이은성,Eunseong,土屋・ゆうり,李恩成,李恩成,Ли Ынсон,Eunseong,Eunseong,Eunseong,Eun Seong,อึนซอง,Eunseong
KANG_HANBEOL,강한벌,Hanbeol,平田・聖,姜汉蜂,姜漢蜂,Кан Ханболь,Hanbeol,Hanbeol,Hanbeol,Han Beol,ฮันบอล,Hanbeol
HAN_SEONWOO,한선우,Seonwoo,山崎・徹,韩善宇,韓善宇,Хан Сону,Seonwoo,Seonwoo,Seonwoo,Seon Woo,ซอนอู,Seonwoo
KO_SEUNGSEON,고승선,Seungseon,菅原・れい,高承宣,高承宣,Ко Сынсон,Seungseon,Seungseon,Seungseon,Seung Seon,ซึงซอน,Seungseon
JEONG_JAESEOK,정재석,Jaeseok,大塚・健,郑在硕,鄭在碩,Чон Чжесок,Jaeseok,Jaeseok,Jaeseok,Jae Seok,แจซอก,Jaeseok
SACHIKA,사치카,Sachika,サチカ,佐知香,佐知香,Сатика,Sachika,Sachika,Sachika,Sachika,ซาชิกะ,Sachika
MIZUHO,미즈호,Mizuho,ミズホ,美穗,美穗,Мицзухо,Mizuho,Mizuho,Mizuho,Mizuho,มิสึโฮะ,Mizuho
AMANE,아마네,Amane,天音,天音,天音,Амане,Amane,Amane,Amane,Amane,อามาเนะ,Amane
SHIMURA,시무라,Shimura,志村,志村,志村,Симура,Shimura,Simura,Shimura,Shimura,ชิมูระ,Shimura
GWANG_DAEHUN,광대훈,Daehun,今井・かんた,光大勋,光大勳,Кван Дэхун,Dae-hun,Daehun,Daehun,Dae Hun,แดฮุน,Daehun
HEO_JUNHO,허준호,Junho,高田・優希,许俊浩,許俊浩,Хо Чжунхо,Junho,Junho,Junho,Jun Ho,จุนโฮ,Junho
CHO_SHINSOK,초신속,Super Rafe,チョウ・ジンソク,速宸,速宸,Чхо Синсок,Cepatman,Siêu Tốc,Shinsok,Shin Sok,สปีดดี้,Shinsok
PARK_CHITA,박치타,Cheeto Park,山田・チーター,朴驰韬,朴馳韜,Пак Чита,Park Cheetah,Báo Săn,Chita,Park Cheetah,ชีตาห์,Chita
AH_QWANGSOK,아광속,Aidan Flash,あこ・うそく,光逸,光逸,А Гвансук,Kilat Aidan,Tốc Quang,Qwangsok,Luminor,แฟลช,Qwangsok
SHIN_IPSAENG,신입생,Freshman Joy,シンニュ・うせい,新生,新生,Новичок,Freshman Ceria,Tân Sinh,Ipsaeng,Pramadara,เฟรชชี่,Ipsaeng
SAE_NAEGI,새내기,Newbie Spark,しんまい,新人,新人,Неопытный,Pendatang Baharu,Lính Mới,Naegi,Nae Gi,นิวบี้,Naegi
LEE_SAESSAK,이새싹,Sprout Lee,あおば,李新苗,李新苗,Ли Сэссак,Tunas Lee,Mầm Non,Saessak,Sae Sak,สเปราต์,Saessak
TAICHI,타이치,Tai-chi,だいち,太一,太一,Тайцзи,Tai-chi,Thái Cực,Taichi,Taichi,ไทชิ,Taichi
SOUTA,소우타,So-ta,ソウタ,飒太,颯太,Сота,So-ta,Souta,Souta,Sota,โชตะ,Souta
YOO_KWAEHWAN,유쾌한,Jovan Cheer,島田・愉快,愉轩,愉軒,Ю Кхвехан,Jovan Gembira,Phấn Khởi,Kwaehwan,Jovan,เชียร์ฟูล,Kwaehwan
NARI,나리,Nari,ナリ,娜莉,娜莉,Лилли,Nari,Nari,Nari,Nari,นาริ,Nari
JANGMI,장미,Jangmi,宮崎・花,玫瑰,玫瑰,Роза,Jangmi,Jangmi,Jangmi,Jangmi,โรเซ่,Jangmi
LEE_SEUNGMIN,이승민,Seungmin,斎藤・颯太,李胜民,李勝民,Ли Сынмин,Seungmin,Seungmin,Seungmin,Seung Min,ซึงมิน,Seungmin
SPECIAL_NISHIKAWA,니시카와?,Nishikawa?,西川？,西川？,西川？,Нисикава?,Nishikawa?,Nishikawa?,¿Nishikawa?,Nishikawa?,นิชิกาวะ?,Nishikawa?
KIM_WOOSEOK,김우석,Wooseok,遠藤・省吾,金宇硕,金宇碩,Ким Усок,Wooseok,Wooseok,Wooseok,Woo Seok,อูซอก,Wooseok
KWON_DUPAL,권두팔,Dupal,皆川・大輔,权斗方,權斗方,Квон Дупаль,Dupal,Dupal,Dupal,Dupal,ดูพัล,Dupal
LEE_SEOKGI,이석기,Seokgi,板野・祐樹,李石基,李石基,Ли Сокги,Seokgi,Seokgi,Seokgi,Seokgi,ซอกกี้,Seokgi
FALCO,팔코,Falco,ファルコ,法尔科,法爾科,Фалко,Falco,Falco,Falco,Falco,ฟัลโก,Falco
OLSO,올소,Olso,オルソ,奥尔索,奧爾索,Олсо,Olso,Olso,Olso,Olso,โอลโซ,Olso
GIALLO,지알로,Giallo,ジャッロ,吉亚洛,吉亞洛,Джалло,Giallo,Giallo,Giallo,Giallo,จิอัลโล่,Giallo
VERDE,베르데,Verde,ヴェルデ,韦尔德,韋爾德,Верде,Verde,Verde,Verde,Verde,เวอร์เด,Verde
MATEO,마테오,Mateo,マテオ,马特奥,馬特奧,Матео,Mateo,Mateo,Mateo,Mateo,มาเตโอ,Mateo
MARCO,마르코,Marco,マルコ,马可,馬可,Марко,Marco,Marco,Marco,Marco,มาร์โก,Marco
FRANCESCO,프란체스코,Francesco,フランチェスコ,弗朗西斯科,法蘭西斯科,Франческо,Francesco,Francesco,Francesco,Francesco,ฟรานเชสโก,Francesco
GIUSEPPE,주세페,Giuseppe,ジュゼッペ,朱塞佩,朱塞佩,Джузеппе,Giuseppe,Giuseppe,Giuseppe,Giuseppe,จูเซปเป,Giuseppe
RICARDO,리카르토,Ricardo,リカルド,里卡多,里卡多,Рикардо,Ricardo,Ricardo,Ricardo,Ricardo,ริคาร์โด,Ricardo
GIOVANNI,조반니,Giovanni,ジョバンニ,乔瓦尼,喬瓦尼,Джованни,Giovanni,Giovanni,Giovanni,Giovanni,โจวานนี,Giovanni
ALESIA,알레시아,Alessia,アレッシア,亚莱西亚,亞萊西亞,Алезия,Alessia,Alessia,Alesia,Alessia,อเลสเซีย,Alesia
VALENTINA,발렌티나,Valentina,バレンティナ,瓦伦蒂娜,瓦倫蒂娜,Валентина,Valentina,Valentina,Valentina,Valentina,วาเลนตินา,Valentina
ANDREA,안드레아,Andrea,アンドレア,安德烈亚,安德烈亞,Андреа,Andrea,Andrea,Andrea,Andrea,แอนเดรีย,Andrea
ALEXANDRO,알렉산드로,Alexandro,アレクサンドロ,亚历山德罗,亞歷山德羅,Алехандро,Alexandro,Alexandro,Alejandro,Alexandro,อเล็กซานโดร,Alexandro
LORENZO,로렌조,Lorenzo,ロレンツォ,洛伦佐,洛倫佐,Лоренцо,Lorenzo,Lorenzo,Lorenzo,Lorenzo,ลอเรนโซ,Lorenzo
GIACOMO,자코모,Giacomo,ジャコモ,贾科莫,賈科莫,Джакомо,Giacomo,Giacomo,Giacomo,Giacomo,จาโคโม,Giacomo
FEDERICO,페데리코,Federico,フェデリコ,费德里科,費德里科,Федерико,Federico,Federico,Federico,Federico,เฟเดริโก้,Federico
RANTI,란티,Ranti,ランティ,兰蒂,蘭蒂,Ранти,Ranti,Ranti,Ranti,Ranti,รันติ,Ranti
PIANO,피아노,Piano,ピアノ,皮亚诺,皮亞諾,Пиано,Piano,Piano,Piano,Piano,เปียโน,Piano
LAZIO,라지오,Lazio,ラツィオ,拉齐奥,拉齊奧,Лацио,Lazio,Lazio,Lazio,Lazio,ลาซิโอ,Lazio
MARCUS,마르쿠스,Marcus,マルクス,马库斯,馬庫斯,Маркус,Marcus,Marcus,Marcus,Marcus,มาร์คัส,Marcus
LUCIUS,루키우스,Lucius,ルキウス,卢修斯,盧修斯,Люциус,Lucius,Lucius,Lucius,Lucius,ลูคิอุส,Lucius
MAXIMUS,막시무스,Maximus,マキシムス,马克西姆斯,馬克西姆斯,Максимус,Maximus,Maximus,Maximus,Maximus,แม็กซิมุส,Maximus
IGNACIO,이냐시오,Ignacio,イニャシオ,伊格纳西奥,伊格納西奧,Игнасио,Ignacio,Ignacio,Ignacio,Ignacio,อิกนาซิโอ,Ignacio
LEOPARDO,레오파르도,Leopardo,レオパルド,利奥帕多,利奧帕多,Леопардо,Leopoldo,Leopard,Leopardo,Leopoldo,เลโอพาร์โด,Leopoldo
ANSELMO,안셀모,Anselmo,アンセルモ,安塞尔莫,安塞爾莫,Ансельмо,Anselmo,Anselmo,Anselmo,Anselmo,แอนเซลโม,Anselmo
LORENZO_02,라이언,Ryan,ライアン,莱恩,萊恩,Райан,Ryan,Ryan,Ryan,Ryan,ไรอัน,Ryan
PIANO_02,엣토레,Ettore,エットレ,埃托雷,埃托雷,Этторе,Ettore,Ettore,Ettore,Ettore,เอ็ตโตเร,Ettore
LAZIO_02,알도,Aldo,アルド,阿尔多,阿爾多,Альдо,Aldo,Aldo,Aldo,Aldo,อัลโด้,Aldo
MARCUS_02,제노,Zeno,ゼノ,泽诺,澤諾,Зено,Zeno,Jeno,Zeno,Zeno,เจโน่,Zeno
LUCIUS_02,브루노,Bruno,ブルーノ,布鲁诺,布魯諾,Бруно,Bruno,Bruno,Bruno,Bruno,บรูโน,Bruno
MAXIMUS_02,우고,Hugo,ウーゴ,乌戈,烏戈,Хьюго,Hugo,Hugo,Hugo,Hugo,ฮิวโก้,Hugo
IGNACIO_02,오금영,Gumyoung,新島・雄太郎,吴金英,吳金英,Ли Гымён,Gum-Young,Geumyeong,Geumyeong,Gum Young,คึมยอง,Geumyeong
LEOPARDO_02,은근세,Slystrong,木村・翔也,银根世,銀根世,Ын Гынсэ,Kuat diam,Geunse,Geunse,Geun Se,บึกบึน,Geunse
ANSELMO_02,유우감,Ruegret,田辺・陽介,刘宇感,劉宇感,Ю Угам,Sedih panjang,Woogam,Woogam,Woo Gam,โซแซด,Woogam
HAN_SOLHWA_02,가면설화,Masked S.Hwa,仮面の圭,假面瑟华,假面瑟華,Сольхва К.,Topeng S.Hwa,S.Hwa Mặt Nạ,S.Hwa Máscara,Masked S.Hwa,หน้ากากซอลฮวา,S.Hwa Máscara
KIM_HEESUNG_02,운석희성,Meteor H.Seong,隕石の昴,陨石熙成,隕石熙成,Хисон У.,Meteor H.Seong,H.Seong Meteor,H.Seong Meteórico,Meteor H.Sung,อุกกาบาตฮีซอง,H.Sung Meteórico
KYLE,카일,Kyle,カイル,凯尔,凱爾,Кайл,Kyle,Kyle,Kyle,Kyle,ไคล์,Kyle
BENEDETTO,베네데토,Benedetto,ベネデット,贝内代托,貝尼德托,Бенедетто,Benedetto,Benedetto,Benedetto,Benedetto,เบเนเดตโต,Benedetto
LEONARDO,레오나르도,Leonardo,レオナルド,莱昂纳多,李奧納多,Леонардо,Leonardo,Leonardo,Leonardo,Leonardo,เลโอนาร์โด,Leonardo
VALENTINO,발렌티노,Valentino,ヴァレンティノ,瓦伦蒂诺,瓦倫蒂諾,Валентино,Valentino,Valentino,Valentino,Valentino,วาเลนติโน,Valentino
TEAM_DEJI,대지고,Terra High,大地高校,大地高中,大地高中,Старшая школа «Тэчжи»,Terra High,Trường THPT Đại Địa,Escuela Daeji,SMA DaeJi,มัธยมแดจี,Colégio Daeji
KOO_TAEHO,구태호,Taeho,太田・春樹,具太浩,具太浩,Тэ Хо,Taeho,Taeho,Taeho,Taeho,กู แทโฮ,Taeho
BAEK_HOYEON,백호연,Hoyeon,福田・一誠,白浩然,白浩然,Хо Ён,Hoyeon,Hoyeon,Hoyeon,Hoyeon,แบก โฮยอน,Hoyeon
PARK_MEO,박미오,Mio,渡辺・美緒,朴美奥,朴美奧,Ми О,Mio,Mio,Mio,Mio,พัก มิโอ,Mio
SEO_SANGWON,서생원,Saengwon,島田・海人,徐生源,徐生源,Сэнвон,Saengwon,Saengwon,Saengwon,Saengwon,ซอ แซงวอน,Saengwon
SEON_JIHWI,선지휘,Jihwi,東上・幸人,宣指挥,宣指揮,Джихви,Jihwi,Jihwi,Jihwi,Jihwi,ซอน จีฮวี,Jihwi
KIM_SEONPUNG,김선풍,Seonpung,井上・拓海,金旋风,金旋風,Сонпун,Seonpung,Seonpung,Seonpung,Seonpung,คิม ซอนพุง,Seonpung
CHOI_SURI,최수리,Suri,坂本・はる,崔修理,崔修理,Сури,Suri,Suri,Suri,Suri,ชเว ซูรี,Suri
PARK_SUHAN,박수한,Suhan,池田・直也,朴秀翰,朴秀翰,Суган,Suhan,Suhan,Suhan,Suhan,พัก ซูฮัน,Suhan
KIM_HAESU,김해수,Haesu,林・れい,金海秀,金海秀,Хэсу,Haesu,Haesu,Haesu,Haesu,คิม แฮซู,Haesu
NARI,나리,Nari,ナリ,娜莉,娜莉,Лилли,Nari,Nari,Nari,Nari,นาริ,Nari
JANG_DAEWOONG,장대웅,Daewoong,長谷川・健,张大雄,張大雄,Дэун,Daewoong,Daewoong,Daewoong,Daewoong,จาง แดอุง,Daewoong
KIM_BEOM,김범,Kim Beom,高橋・みか,金凡,金凡,Ким Бом,Kim Beom,Kim Beom,Kim Beom,Kim Beom,คิม บอม,Kim Beom
DALJI,달지,Dalji,ダルジ,达智,達智,Дальджи,Dalji,Dalji,Dalji,Dalji,ดัลจี,Dalji
KIM_DARAM,김다람,Daram,木村・まき,金多岚,金多嵐,Дарам,Daram,Daram,Daram,Daram,คิม ดารัม,Daram
BIDAN,비단,Bidan,ビダン,飞丹,飛丹,Пидан,Bidan,Bidan,Bidan,Bidan,บีดัน,Bidan
LEE_HOORIM,이후림,Hurim,松本・ゆう,李后林,李後林,Хурим,Hurim,Hurim,Hurim,Hurim,อี ฮูริม,Hurim
JO_DONGGWAN,조동관,Donggwan,小林・隼人,赵东官,趙東官,Донгван,Donggwan,Donggwan,Donggwan,Donggwan,โจ ดงกวาน,Donggwan
KIM_JINHWAN,김진환,Jinhwan,山口・啓太,金振焕,金振煥,Джинхван,Jinhwan,Jinhwan,Jinhwan,Jinhwan,คิม จินฮวาน,Jinhwan
SARA,서사라,Sara,有田・紗良,徐莎拉,徐莎拉,Со Сара,Sara,Sara,Sara,Sara,ซอซาร่า,Sara
MIKE,마이크,Mike,マイク,迈克,邁克,Майк,Mike,Mike,Mike,Mike,ไมค์,Mike
DAVE,데이브,Dave,デイブ,戴夫,戴夫,Дейв,Dave,Dave,Dave,Dave,เดฟ,Dave
TANIA CLONE,타니아 클론,Tania Clone,タニアのクローン,塔尼娅克隆体,塔尼婭克隆體,Клон Тани,Klon Tania,Bản Sao Tania,Clon de Tania,Klon Tania,ร่างโคลนทาเนีย,Clone de Tânia
TANIA,타니아,Tania,タニア,塔尼娅,塔尼婭,Таня,Tania,Tania,Tania,Tania,ทาเนีย,Tânia
CLYDE,클라이드,Clyde,クライド,克莱德,克萊德,Клайд,Clyde,Clyde,Clyde,Clyde,ไคลด์,Clyde
LIAM,리암,Liam,リアム,里安,里安,Лиам,Liam,Liam,Liam,Liam,เลียม,Liam
LUCAS,루카스,Lucas,ルーカス,卢卡斯,盧卡斯,Лукас,Lucas,Lucas,Lucas,Lucas,ลูคัส,Lucas
OLIVER,올리버,Oliver,オリバー,奥利弗,奧利佛,Оливер,Oliver,Oliver,Olivia,Oliver,โอลิเวอร์,Oliver
LEVI,레비,Levi,レビ,莱维,萊維,Леви,Levi,Levi,Levi,Levi,เลวี่,Levi
CALEB,케일럽,Caleb,ケイレブ,凯勒布,凱勒布,Калеб,Caleb,Ca-lép,Caleb,Caleb,คาเลบ,Caleb
GAVIN,가빈,Gavin,ギャヴィン,加文,加文,Гэвин,Gavin,Ga-vin,Gavin,Gavin,กาวิน,Gavin
GRACE,그레이스,Grace,グレース,格蕾丝,格蕾絲,Грейс,Grace,Grace,Grace,Grace,เกรซ,Grace
EVAN,에반,Evan,エバン,埃文,埃文,Эван,Evan,Evan,Evan,Evan,อีวาน,Evan
GRANDSANTA,의문의 산타클로스,Mystery Santa,謎のサンタ,神秘圣诞,神秘聖誕老人,Таинственный Санта,Santa Misteri,Ông Già Bí Ẩn,Santa Misterioso,Santa Misterius,ซานตาปริศนา,Papai Noel Misterioso
ISLA,아일라,Isla,アイラ,艾拉,艾拉,Айла,Isla,Ai-la,Isla,Isla,ไอส์ลา,Isla
COLEMAN,코치 콜먼,Coach Coleman,コーチ・コルメン,科尔曼教练,科爾曼教練,Колман,Jurulatih Coleman,HLV Coleman,Coach Coleman,Coach Coleman,โค้ชโคลแมน,Treinador Coleman
KAZUKI,카즈키,Kazuki,カズキ,卡兹基,卡茲基,Кадзуки,Kazuki,Kazuki,Kazuki,Kazuki,คาซึกิ,Kazuki
CANON,카논,Canon,カノン,卡农,卡農,Канон,Canon,Canon,Canon,Canon,คานอน,Canon
CARLA,카를라,Carla,カルラ,卡拉,卡拉,Карла,Carla,Carla,Carla,Carla,คาร์ลา,Carla
JENNY,제니,Jenny,ジェニー,珍妮,珍妮,Дженни,Jenny,Jenny,Jenny,Jenny,เจนนี่,Jenny
ELLIO,엘리오,Ellio,エリオ,埃利奥,埃利奧,Эллио,Ellio,Ellio,Ellio,Ellio,เอลลิโอ,Ellio
RAUL,라울,Raul,ラウル,拉乌尔,拉烏爾,Рауль,Raul,Raul,Raúl,Raul,ราอุล,Raul
MILO_ZERN,마일로 제른,Milo Zern,ミロ・ツェルン,米洛·泽恩,米洛·澤恩,Майло Церн,Milo Zern,Milo Zern,Milo Zern,Milo Zern,ไมโล เซิร์น,Milo Zern
LENE,레네,Lene,レネ,莱内,萊內,Лене,Lene,Lene,Lene,Lene,เลเน่,Lene
OSKAR,오스카르,Oskar,オスカル,奥斯卡,奧斯卡,Оскар,Oskar,Oskar,Oskar,Oskar,ออสการ์,Oskar
LEO_HAAS,레오 하스,Leo Haas,レオ・ハース,里奥·哈斯,里奧·哈斯,Лео Хаас,Leo Haas,Leo Haas,Leo Haas,Leo Haas,เลโอ ฮาส,Leo Haas
DIMA_ORLO,디마 오를로,Dima Orlo,ディマ・オルロ,迪玛·奥洛,迪瑪·奧洛,Дима Орло,Dima Orlo,Dima Orlo,Dima Orlo,Dima Orlo,ดิมา ออร์โล,Dima Orlo
JURE,유레,Jure,ユーレ,尤雷,尤雷,Юре,Jure,Jure,Jure,Jure,ยูเร,Jure
KIRA,키라,Kira,キラ,基拉,基拉,Кира,Kira,Kira,Kira,Kira,คิระ,Kira
MIKA_DORN,미카 도른,Mika Dorn,ミカ・ドルン,米卡·多恩,米卡·多恩,Мика Дорн,Mika Dorn,Mika Dorn,Mika Dorn,Mika Dorn,มิกะ ดอร์น,Mika Dorn
ELVA,엘바,Elva,エルバ,艾尔瓦,艾爾瓦,Эльва,Elva,Elva,Elva,Elva,เอลวา,Elva
OREN_BEL,오렌 벨,Oren Bel,オレン・ベル,奥伦·贝尔,奧倫·貝爾,Орен Бел,Oren Bel,Oren Bel,Oren Bel,Oren Bel,โอเรน เบล,Oren Bel
LARS_GRELL,라르스 그렐,Lars Grell,ラース・グレル,拉尔斯·格雷尔,拉爾斯·格雷爾,Ларс Грелл,Lars Grell,Lars Grell,Lars Grell,Lars Grell,ลาร์ส เกรล,Lars Grell
KIAN,키안,Kian,キアン,基安,基安,Киан,Kian,Kian,Kian,Kian,เคียน,Kian
THEO,테오,Theo,テオ,西奥,西奧,Тео,Theo,Theo,Theo,Theo,ธีโอ,Theo
SVEN,스벤,Sven,スヴェン,斯文,斯文,Свен,Sven,Sven,Sven,Sven,สเวน,Sven
GELATO,젤라또,Gelato,ジェラート,冰淇淋,義式冰淇淋,Джелато,Gelato,Gelato,Gelato,Gelato,เจลาโต้,Gelato
TOMATO,토마토,Tomato,トマト,番茄,番茄,Томат,Tomato,Cà chua,Tomate,Tomat,มะเขือเทศ,Tomate
PIZZELLE,피젤레,Pizzelle,ピッツェレ,皮泽莱,皮澤萊,Пиццелле,Pizzelle,Pizzelle,Pizzelle,Pizzelle,พิซเซลเล,Pizzelle
TARTUFO,타르투포,Tartufo,タルトゥーフォ,松露冰淇淋,松露冰淇淋,Тартуфо,Tartufo,Tartufo,Tartufo,Tartufo,ทาร์ทูโฟ,Tartufo
CAPPUCCINO,카푸치노,Cappuccino,カプチーノ,卡布奇诺,卡布奇諾,Капучино,Cappuccino,Cappuccino,Cappuccino,Cappuccino,คาปูชิโน่,Cappuccino
ESPRESSO,에스프레소,Espresso,エスプレッソ,浓缩咖啡,濃縮咖啡,Эспрессо,Espresso,Espresso,Espresso,Espresso,เอสเปรสโซ่,Espresso
CHIANTI,키안티,Chianti,キアンティ,基安蒂,基安蒂,Кьянти,Chianti,Chianti,Chianti,Chianti,เคียนติ,Chianti
BAROLO,바로로,Barolo,バローロ,巴罗洛,巴羅洛,Бароло,Barolo,Barolo,Barolo,Barolo,บาโรโล,Barolo
PROSECCO,프로세코,Prosecco,プロセッコ,普罗塞克,普羅塞克,Просекко,Prosecco,Prosecco,Prosecco,Prosecco,โพรเซคโก,Prosecco
SAFFIRA,사피라,Saffira,サフィラ,萨菲拉,薩菲拉,Саффира,Saffira,Saffira,Saffira,Saffira,แซฟฟิรา,Saffira
CINNAMIEL,신나미엘,Cinnamiel,シナミエル,肉桂蜜,肉桂蜜,Синнамиэль,Cinnamiel,Cinnamiel,Cinnamiel,Cinnamiel,ซินนามีเอล,Cinnamiel
BAZIA,바지아,Bazia,バジア,巴齐娅,巴齊婭,Базия,Bazia,Bazia,Bazia,Bazia,บาเซีย,Bazia
CROW,크로우,Crow,クロウ,克罗,克羅,Кроу,Crow,Crow,Crow,Crow,โครว์,Crow
HARI,하리,Hari,ハリ,哈里,哈里,Хари,Hari,Hari,Hari,Hari,ฮาริ,Hari
ZERO,제로,Zero,ゼロ,零,零,Зеро,Zero,Zero,Zero,Zero,ซีโร่,Zero
TIZIANO,티지아노,Tiziano,ティツィアーノ,提齐亚诺,提齊亞諾,Тициано,Tiziano,Tiziano,Tiziano,Tiziano,ทิซิอาโน,Tiziano
MASSIMO,마시모,Massimo,マッシモ,马西莫,馬西莫,Массимо,Massimo,Massimo,Massimo,Massimo,มัสซิโม,Massimo
BRUNO,브루노,Bruno,ブルーノ,布鲁诺,布魯諾,Бруно,Bruno,Bruno,Bruno,Bruno,บรูโน่,Bruno
ENRICO,엔리코,Enrico,エンリコ,恩里科,恩里科,Энрико,Enrico,Enrico,Enrico,Enrico,เอ็นริโก้,Enrico
FEDELE,페델레,Fedele,フェデーレ,费德莱,費德萊,Феделе,Fedele,Fedele,Fedele,Fedele,เฟเดเล,Fedele
SALVATORE,살바토레,Salvatore,サルヴァトーレ,萨尔瓦托雷,薩爾瓦托雷,Сальваторе,Salvatore,Salvatore,Salvatore,Salvatore,ซัลวาทอเร,Salvatore
EUSTACHIO,유스타키오,Eustachio,エウスタキオ,欧斯塔基奥,歐斯塔基奧,Эустакио,Eustachio,Eustachio,Eustachio,Eustachio,ยูสตาคิโอ,Eustachio
MONTEPULCIANO,몬테풀치아노,Montepulciano,モンテプルチャーノ,蒙特普尔恰诺,蒙特普爾恰諾,Монтепульчано,Montepulciano,Montepulciano,Montepulciano,Montepulciano,มอนเตพูลเชียโน,Montepulciano
LASAGNA,라자냐,Lasagna,ラザニア,千层面,千層麵,Лазанья,Lasagna,Lasagna,Lasagna,Lasagna,ลาซานญา,Lasagna
PEPPINO,페피노,Peppino,ペッピーノ,佩皮诺,佩皮諾,Пеппино,Peppino,Peppino,Peppino,Peppino,เป๊ปปิโน,Peppino
BURRATA,부라타,Burrata,ブラータ,布拉塔奶酪,布拉塔起司,Буррата,Burrata,Burrata,Burrata,Burrata,บูราต้า,Burrata
PESTO,페스토,Pesto,ペスト,青酱,青醬,Песто,Pesto,Pesto,Pesto,Pesto,เพสโต,Pesto
MINERVA,미네르바,Minerva,ミネルヴァ,密涅瓦,密涅瓦,Минерва,Minerva,Minerva,Minerva,Minerva,มิเนอร์วา,Minerva
DANTE,단테,Dante,ダンテ,但丁,但丁,Данте,Dante,Dante,Dante,Dante,ดันเต้,Dante
MIREN,미렌,Miren,ミレン,米莲,米蓮,Мирен,Miren,Miren,Miren,Miren,มีเรน,Miren
ENZO,엔조,Enzo,エンツォ,恩佐,恩佐,Энцо,Enzo,Enzo,Enzo,Enzo,เอนโซ,Enzo
RIAN,리안,Rian,リアン,利安,利安,Риан,Rian,Rian,Rian,Rian,เรียน,Rian
DAHEE,정다희,Dahee,飛鳥・夏希,郑多熙,鄭多熙,Чон Дахи,Dahee,Dahee,Dahee,Dahee,จองดาฮี,Dahee
LUCIAN,루시안,Lucian,ルシアン,卢西安,盧西安,Лусиан,Lucian,Lucian,Lucian,Lucian,ลูเชียน,Lucian
LEE_SIJAK,이시작,Isijak,高橋・始,伊西扎克,伊西扎克,Исиджак,Isijak,Isijak,Isijak,Isijak,อีซิจัก,Isijak
HA_NADOO,하나두,Hanadu,山田・一,哈纳杜,哈納杜,Ханаду,Hanadu,Hanadu,Hanadu,Hanadu,ฮานาดู,Hanadu
KIM_JISAN,김지산,Kim Jisan,木島・仁三,金智山,金智山,Ким Чисан,Kim Jisan,Kim Jisan,Kim Jisan,Kim Jisan,คิม จีซาน,Kim Jisan
JUDGE,심판,Referee,審判,裁判,裁判,Судья,Pengadil,Trọng tài,Árbitro,Wasit,กรรมการ,Árbitro
JAGANG_PLAYER,자강고 선수,Jagang Player,自強 選手,自强高中球员,自強高中球員,Игрок школы «Чаган»,Pemain Jagang,Cầu thủ Jagang,Jugador Jagang,Atlet Jagang,นักกีฬามัธยมมโนจิต,Jogador do Colégio Jagang
LITTLE_SARA,어린 사라,Young Sara,若き紗良,小莎拉,小莎拉,Юная Сара,Sara Muda,Sara Trẻ,Sara Joven,Sara Muda,ซาร่าวัยเด็ก,Sara Jovem
LITTLE_SIWOO,어린 시우,Young Siwoo,若き新,小时宇,小時宇,Юный Шиу,Siwoo Muda,Siwoo Trẻ,Siwoo Joven,Siwoo Muda,ชีอูวัยเด็ก,Siwoo Jovem
MOTHER,어머니,Mother,お母さん,母亲,母親,Мать,Ibu,Mẹ,Madre,Ibu,แม่,Mãe
FATHER,아버지,Father,お父さん,父亲,父親,Отец,Bapa,Cha,Padre,Ayah,พ่อ,Pai
TEAMMATE,동료,Teammate,仲間,队友,隊友,Союзник,Rakan sepasukan,Đồng đội,Compañero,Rekan,เพื่อนร่วมทีม,Colega
JENNY_SUMMER,제니_여름,Jenny,ジェニー,珍妮,珍妮,Дженни,Jenny,Jenny,Jenny,Jenny,เจนนี่,Jenny
DAVE_SUMMER,데이브_여름,Dave,デイブ,戴夫,戴夫,Дейв,Dave,Dave,Dave,Dave,เดฟ,Dave
SARA_SUMMER,서사라_여름,Sara,有田・紗良,徐莎拉,徐莎拉,Со Сара,Sara,Sara,Sara,Sara,ซอซาร่า,Sara
NN_SUMMER,NN_여름,NN,NN,NN,NN,NN,NN,NN,NN,NN,NN,NN
SIF,시프,Sif,シフ,希芙,希芙,Сиф,Sif,Sif,Sif,Sif,ซีฟ,Sif
CLAIRE,클레르,Claire,クレール,克莱尔,克萊爾,Клэр,Claire,Claire,Claire,Claire,แคลร์,Claire
OASIS_UNIFORM,오아시스_유니폼,Oasis,オアシス,绿洲,綠洲,Оазис,Oasis,Oasis,Oasis,Oasis,โอเอซิส,Oásis
BAEK_SIWOO_ABYSS,백시우_심연,Siwoo,白井・新,白时宇,白時宇,Бэк Шиу,Siwoo,Siwoo,Siwoo,Siwoo,แบคชีอู,Siwoo
ARIA,아리아,Aria,アリア,阿莉亚,阿莉雅,Ария,Aria,Aria,Aria,Aria,อาเรีย,Aria
CHRIS,크리스,Chris,クリス,克里斯,克里斯,Крис,Chris,Chris,Chris,Chris,คริส,Chris
ONYX,오닉스,Onyx,オニキス,奥尼克斯,奧尼克斯,Оникс,Onyx,Onyx,Onyx,Onyx,โอนิกซ์,Onyx
OBSIDIAN,옵시디안,Obsidian,オブシディアン,黑曜石,黑曜石,Обсидиан,Obsidian,Obsidian,Obsidian,Obsidian,ออบซิเดียน,Obsidian
VESCARI,베스카리,Vescari,ヴェスカリ,维斯卡里,維斯卡里,Вескари,Vescari,Vescari,Vescari,Vescari,เวสคารี,Vescari
VALERIO,발레리오,Valerio,ヴァレリオ,瓦莱里奥,瓦萊里奧,Валерио,Valerio,Valerio,Valerio,Valerio,วาเลรีโอ,Valerio
HONGSI_MAID,홍시_신년,Hongshi,白羽・日向乃,红柿,洪詩,Хонши,Hongshi,Hongsi,Hongsi,Hongsi,ฮงชี,Hongshi
NISHIKAWA_BLACKTHUNDER,니시카와_블랙,Nishikawa,西川・蓮,西川,西川,Нисикава,Nishikawa,Nishikawa,Nishikawa,Nishikawa,นิชิกาวะ,Nishikawa
YOU,당신,You,あなた,您,您,Вы,Anda,Bạn,Usted,Anda,คุณ,Você
CUSTOMER_A,손님 A,Customer A,お客さま A,顾客A,顧客A,Клиент A,Pelanggan A,Khách A,Cliente A,Pelanggan A,ลูกค้า A,Cliente A
CUSTOMER_B,손님 B,Customer B,お客さま B,顾客B,顧客B,Клиент B,Pelanggan B,Khách B,Cliente B,Pelanggan B,ลูกค้า B,Cliente B
PANNA_COTTA,판나코타,Panna Cotta,パンナコッタ,意式奶冻,義式奶凍,Панна-котта,Panna Cotta,Panna Cotta,Panna Cotta,Panna Cotta,พานนาคอตต้า,Panna Cotta
SEMIFREDDO,세미프레도,Semifreddo,セミフレッド,半冷冻甜点,半冷凍甜點,Семифреддо,Semifreddo,Semifreddo,Semifreddo,Semifreddo,เซมิฟเรดโด,Semifreddo
GRANITA,그라니타,Granita,グラニータ,格兰尼塔冰沙,格蘭尼塔冰沙,Гранита,Granita,Granita,Granita,Granita,กรานิต้า,Granita
MONT_BLANC,몽블랑,Mont Blanc,モンブラン,勃朗峰甜点,勃朗峰甜點,Монблан,Mont Blanc,Mont Blanc,Mont Blanc,Mont Blanc,มงบล็อง,Mont Blanc
CORNETTO,코르네토,Cornetto,コルネット,意式可颂,義式可頌,Корнетто,Cornetto,Cornetto,Cornetto,Cornetto,คอร์เน็ตโต,Cornetto
CALZONE,칼조네,Calzone,カルツォーネ,卡尔佐内,卡爾佐內,Кальцоне,Calzone,Calzone,Calzone,Calzone,คาลโซเน,Calzone
PROSCIUTTO,프로슈토,Prosciutto,プロシュート,意式火腿,義式火腿,Прошутто,Prosciutto,Prosciutto,Prosciutto,Prosciutto,โพรชุตโต,Prosciutto
MILANESE,밀라네제,Milanese,ミラネーゼ,米兰式,米蘭式,Миланезе,Milanese,Milanese,Milanese,Milanese,มิลาเนเซ,Milanese
CACCIATORE,카치아토레,Cacciatore,カチャトーレ,猎人风味,獵人風味,Каччаторе,Cacciatore,Cacciatore,Cacciatore,Cacciatore,คัชชาโตเร,Cacciatore
SARA_UNIFORM,서사라_유니폼,Sara,有田・紗良,徐莎拉,徐莎拉,Со Сара,Sara,Sara,Sara,Sara,ซอซาร่า,Sara
IRIS,아이리스,Iris,アイリス,爱丽丝,愛麗絲,Айрис,Iris,Iris,Iris,Iris,ไอริส,Iris
YURI,유리,Yuri,ユーリ,尤里,尤里,Юрий,Yuri,Yuri,Yuri,Yuri,ยูริ,Yuri
JEONG_INHO,정인호,Inho,飛鳥・隼人,郑仁浩,鄭仁浩,Инхо,Inho,Inho,Inho,Inho,อินโฮ,Inho
VIKTOR,빅토르_실루엣,Victor,ビクトル,维克托,維克托,Виктор,Victor,Victor,Victor,Victor,วิกเตอร์,Victor
KELLY,켈리,Kelly,ケリー,凯莉,凱莉,Келли,Kelly,Kelly,Kelly,Kelly,เคลลี่,Kelly
JENNY_JACKET,제니_자켓,Jenny,ジェニー,珍妮,珍妮,Дженни,Jenny,Jenny,Jenny,Jenny,เจนนี่,Jenny
Player_A,선수 A,Player A,選手 A,选手A,選手A,Игрок A,Pemain A,Cầu thủ A,Jugador A,Atlet A,ผู้เล่น A,Jogador A
Player_B,선수 B,Player B,選手 B,选手B,選手B,Игрок B,Pemain B,Cầu thủ B,Jugador B,Atlet B,ผู้เล่น B,Jogador B
VOLCOV,볼코브,Volcov,ボルコフ,沃尔科夫,沃爾科夫,Волков,Volcov,Volcov,Volcov,Volcov,โวลคอฟ,Volcov
SERGEI,세르게이,Sergei,セルゲイ,谢尔盖,謝爾蓋,Сергей,Sergei,Sergei,Sergei,Sergei,เซอร์เกย์,Sergei
AIRA,아이라,Aira,アイラ,艾拉,艾拉,Айра,Aira,Aira,Aira,Aira,ไอรา,Aira
MIA,미아,Mia,ミア,米娅,米婭,Миа,Mia,Mia,Mia,Mia,มีอา,Mia
WYATT,와이어트,Wyatt,ワイアット,怀亚特,懷亞特,Уайатт,Wyatt,Wyatt,Wyatt,Wyatt,ไวแอตต์,Wyatt
SHANE,셰인,Shane,シェイン,谢恩,謝恩,Шейн,Shane,Shane,Shane,Shane,เชน,Shane
REX,렉스,Rex,レックス,雷克斯,雷克斯,Рекс,Rex,Rex,Rex,Rex,เร็กซ์,Rex
WALKER,워커,Walker,ウォーカー,沃克,沃克,Уокер,Walker,Walker,Walker,Walker,วอล์คเกอร์,Walker
LOGAN,로건,Logan,ローガン,洛根,洛根,Логан,Logan,Logan,Logan,Logan,โลแกน,Logan
DAISY,데이지,Daisy,デイジー,黛西,黛西,Дейзи,Daisy,Daisy,Daisy,Daisy,เดซี่,Daisy
VOLKOV,볼코프,Volkov,ボルコフ,沃尔科夫,沃爾科夫,Волков,Volkov,Volkov,Volkov,Volkov,โวลคอฟ,Volkov
COLOR COMMENTATOR,해설자,Color commentator,解説者,体育解说员,體育解說員,Спортивный комментатор,Pengulas sukan,Bình luận viên thể thao,Comentarista deportivo,Komentator olahraga,ผู้บรรยายกีฬา,Comentarista esportivo
JUNIOR,후배,Junior,後輩,后辈,後輩,Младший,Junior,Hậu bối,Junior,Junior,รุ่นน้อง,Júnior
TERRA HIGH MEMBER,대지고 부원,Terra High member,大地高校の部員,大地高中成员,大地高中成員,Член команды старшей школы «Тэчжи»,Ahli Terra High,Thành viên trường THPT Đại Địa,Miembro de la Escuela Daeji,Anggota SMA DaeJi,สมาชิกชมรมโรงเรียนมัธยมแดจี,Membro do Colégio Daeji
TERRA HIGH MEMBERS,대지고 부원들,Terra High members,大地高校の部員たち,大地高中成员们,大地高中成員們,Члены команды старшей школы «Тэчжи»,Ahli-ahli Terra High,Các thành viên trường THPT Đại Địa,Miembros de la Escuela Daeji,Anggota-anggota SMA DaeJi,สมาชิกชมรมโรงเรียนมัธยมแดจี,Membros do Colégio Daeji
BADMINTON CLUB CAPTAIN,배드민턴부 주장,Badminton club captain,バドミントン部主将,羽毛球部队长,羽球社隊長,Капитан бадминтонного клуба,Kapten kelab badminton,Đội trưởng câu lạc bộ cầu lông,Capitán del club de bádminton,Kapten Klub Bulu Tangkis,กัปตันชมรมแบดมินตัน,Capitão do clube de badminton
ANNOUNCEMENT,안내 방송,Announcement,案内放送,广播通知,廣播通知,Информационное объявление,Pengumuman,Phát thanh hướng dẫn,Anuncio de voz,Pengumuman,เสียงประกาศ,Anúncio informativo
INTERVIEWER,인터뷰어,Interviewer,インタビュアー,采访者,採訪者,Интервьюер,Penemubual,Người phỏng vấn,Entrevistador,Pewawancara,ผู้สัมภาษณ์,Entrevistador
SHIN_HAEUN,신하은,Haeun,白河・花音,申夏恩,申夏恩,Шин Хаын,Haeun,Haeun,Haeun,Haeun,ชินฮาอึน,Haeun
YOO_SAYA,유사야,Saya,柚木・沙夜,柳沙夜,柳沙夜,Сая Ю,Saya,Saya,Saya,Saya,ซายะ ยู,Saya
LEE_JIHOON,이지훈,Jihoon,天宮・一輝,李志勋,李志勳,Ли Джихун,Jihoon,Jihoon,Jihoon,Jihoon,จีฮุน,Jihoon
LEE_YOUNGHOON,이영훈,Younghoon,神崎・悠真,李英勋,李英勳,Ли Ёнхун,Younghoon,Younghoon,Younghoon,Younghoon,อี ยองฮุน,Younghoon
BAEK_SIWOO_SCHOOL,백시우_교복,Siwoo,白井・新,白时宇,白時宇,Бэк Шиу,Siwoo,Siwoo,Siwoo,Siwoo,แบคชีอู,Siwoo
YOO_SAYA_SCHOOL,유사야_교복,Saya,柚木・沙夜,柳沙夜,柳沙夜,Сая Ю,Saya,Saya,Saya,Saya,ซายะ ยู,Saya
LEE_JIHOON_SCHOOL,이지훈_교복,Jihoon,天宮・一輝,李志勋,李志勳,Ли Джихун,Jihoon,Jihoon,Jihoon,Jihoon,จีฮุน,Jihoon
PRINCIPAL,교감 선생님,Vice Principal,教頭先生,副校长,副校長,Заместитель директора,Penolong Kanan,Hiệu phó,Subdirector,Wakil Kepala Sekolah,รองผู้อำนวยการ,Vice-diretor
NAM_JAEHYUN_UNIFORM,남재현_유니폼,Jaehyun,黒崎・陵,南宰贤,南宰賢,Нам Чжэхён,Jaehyun,Jaehyeon,Jaehyun,Jaehyeon,นัมแจฮยอน,Jaehyun
BAEK_SIWOO_HOOD,백시우_후드,Siwoo,白井・新,白时宇,白時宇,Бэк Шиу,Siwoo,Siwoo,Siwoo,Siwoo,แบคชีอู,Siwoo
SEO_YUNA,서유나,Seo Yuna,瀬川・優奈,徐宥娜,徐宥娜,Со Юна,Seo Yuna,Seo Yuna,Seo Yuna,Seo Yuna,ซอ ยูนา,Seo Yuna
KANG_SEJIN,강세진,Kang Sejin,桐谷・征司,姜世镇,姜世鎮,Кан Седжин,Kang Sejin,Kang Sejin,Kang Sejin,Kang Sejin,คัง เซจิน,Kang Sejin
HAN_GITAE,한기태,Han Gitae,神谷・大河,韩基泰,韓基泰,Хан Гитхэ,Han Gitae,Han Gitae,Han Gitae,Han Gitae,ฮัน กีแท,Han Gitae
YOON_TAEJUN,윤태준,Taejun,熊谷・剛志,尹泰俊,尹泰俊,Юн Тэджун,Taejun,Taejun,Taejun,Taejun,ยุนแทจุน,Taejun
COACH_MAN,감독님,Coach,コーチ,教练,教練,Тренер,Jurulatih,Huấn luyện viên,Entrenador,Pelatih,โค้ช,Treinador
COLEMAN_NOTITLE,콜먼,Coleman,コルメン,科尔曼,科爾曼,Колман,Coleman,Coleman,Coleman,Coleman,โคลแมน,Coleman
COWARD_JACOB,겁쟁이 제이콥,Coward Jacob,臆病者のジェイコブ,膽小鬼雅各布,胆小鬼雅各布,Трус Джейкоб,Jacob si Penakut,Jacob nhát gan,Jacob el cobarde,Jacob si Penakut,เจคอบจอมขี้ขลาด,"Jacob, o Covarde"
IVAN_NAM,남이완,Ivan Nam,佐伯・悠斗,南伊万,南伊萬,Иван Нам,Ivan Nam,Ivan Nam,Ivan Nam,Ivan Nam,อีวาน นัม,Ivan Nam
SEONGJIN_PARK,박성진,Sungjin Park,黒瀬・龍牙,朴成辰,朴成辰,Пак Сонджин,Sungjin Park,Sungjin Park,Sungjin Park,Sungjin Park,พัค ซองจิน,Sungjin Park
CHEI_YOO,유채이,Chei Yoo,七瀬・彩花,柳彩伊,柳彩伊,Ю Чхэи,Chei Yoo,Chei Yoo,Chei Yoo,Chei Yoo,ยู แชอี,Chei Yoo
JINKYEONG_KIM,김진경,Jinkyeong Kim,藤沢・美咲,金珍京,金珍京,Ким Джингён,Jinkyeong Kim,Jinkyeong Kim,Jinkyeong Kim,Jinkyeong Kim,คิม จินกยอง,Jinkyeong Kim
SEOHEE_PYEON,편서희,Seohee Pyeon,鷹宮・凛華,片瑞熙,片瑞熙,Пхён Сохи,Seohee Pyeon,Seohee Pyeon,Seohee Pyeon,Seohee Pyeon,พยอน ซอฮี,Seohee Pyeon
JINHYUN_KIM,김진현,Jinhyun Kim,高瀬・直人,金真贤,金眞賢,Ким Джинхён,Jinhyun Kim,Jinhyun Kim,Jinhyun Kim,Jinhyun Kim,คิม จินฮยอน,Jinhyun Kim
MINSEO_JO,조민서,Minseo Jo,水野・律,赵敏瑞,趙敏瑞,Чо Минсо,Minseo Jo,Minseo Jo,Minseo Jo,Minseo Jo,โจ มินซอ,Minseo Jo
JAEWON_LEE,이재원,Jaewon Lee,朝倉・航平,李在元,李在元,Ли Джэвон,Jaewon Lee,Jaewon Lee,Jaewon Lee,Jaewon Lee,อี แจวอน,Jaewon Lee
MINSEOK_SONG,송민석,Minseok Song,松田・湊,宋敏硕,宋敏碩,Сон Минсок,Minseok Song,Minseok Song,Minseok Song,Minseok Song,ซงมินซอก,Minseok Song
