KEY,중국어-간체(zh-chs)
BAEK_SIWOO/NICKNAME,最强主攻手
,
,
,
PLAYER/KIM_HEESUNG/NICKNAME,最强副攻手
PLAYER/KIM_HEESUNG/LINE,说是最强…是不是有点夸张了？
SKILLNAME_HEESUNG,绝对防御
SKILLDES_HEESUNG,技能触发后，形成完美铁壁，足以拦下任何进攻。
PLAYER/KIM_HEESUNG/CATCHPHRASE,"""那一记扣球，由我来拦下！"""
PLAYER/KIM_HEESUNG/SIMPLE_DES,"韩光高中的队长，实际上也是高中部最强的副攻手。虽然只是一年级，但他完美地封锁了去年""最强选手""奖得主的快攻，从而获得了""固若金汤金熙成""的称号。# 他为人正直诚实，鞠躬时必定弯腰九十度是他的标志性动作。不过，与平时随和的形象截然相反，他在赛场上会爆发出强烈的求胜欲，因此作为对手时会让人感到相当可怕。"
PLAYER/KIM_HEESUNG/SIMPLE_DES_02,虽然只是高一新生，却凭实力成为韩光高中的主将。击败去年的最强副攻手，被公认为实力最强的选手。
PLAYER/KIM_HEESUNG/BACKNUM,
PLAYER/KIM_HEESUNG/BIRTHDAY,
PLAYER/KIM_HEESUNG/MOTTO,不断努力，无限谦虚！
PLAYER/OASIS/NICKNAME,海洋王子
PLAYER/OASIS/LINE,来吧，让我们尽情享受这场比赛！
PLAYER/OASIS/LINE_02,啊～今天阳光正好！来打一场热血沸腾的排球吧！
SKILLNAME_OASIS,正午
SKILLDES_OASIS,每当对方得3分就会变强，15分时化身最强选手。
PLAYER/OASIS/CATCHPHRASE,"""尽情享受吧，这不就是排球吗？"""
PLAYER/OASIS/SIMPLE_DES,"世界顶尖的职业沙滩排球选手。现已退役，在太阳排球队培养青少年选手。正如其名，""绿洲""并非本名，关于他职业生涯开始前的事迹一概不为人知。每当被问及过去，他都只是一笑而过。"
SKILLNAME_OASIS2,日出
SKILLNAME_OASIS3,日落
PLAYER/OASIS/DETAIL_DES,绿洲是球员名，并非本名。本名不详，成为职业球员之前的活动也未公开。崇尚自由的灵魂，追求不受竞争和资本束缚的自由的比赛。
PLAYER/OASIS/NEW_DES,
SKILLDOLPA_OASIS,技能效率越高，能力值提升越显著。
PLAYER/OASIS/BIRTH,
PLAYER/OASIS/BACKNUM,
PLAYER/OASIS/MOTTO,心之所向，即为吾家！
PLAYER/HAN_SOLHWA/NICKNAME,最强二传手
PLAYER/HAN_SOLHWA/LINE,我一定要在这里绽放自己的光芒。
SKILLNAME_SOLHWA,突袭
SKILLDES_SOLHWA,技能发动时，韩瑟华立即发起进攻。该进攻不会被拦网挡下。
PLAYER/HAN_SOLHWA/CATCHPHRASE,"""我会将你的全部实力逼出来。"""
PLAYER/HAN_SOLHWA/SIMPLE_DES,"高中第一二传手。从初中时代起就以其巨大的潜力而闻名。他原本是主攻手，但在升入高中后转型为二传手。由于初中时代的活跃表现，至今仍有许多人记得他""怪物主攻手""的名号。虽然现在也常常有人说他更适合当主攻手，但他本人都坚决否认，这似乎是由于初中时代的心理阴影。据说他攻守都极为出色，即使是外行也能一眼看出他是一位了不起的选手。"
PLAYER/HAN_SOLHWA/BIRTH,
PLAYER/HAN_SOLHWA/BACKNUM,
PLAYER/HAN_SOLHWA/MOTTO,思想决定活法，而非活法决定思想。
SKILLNAME_JAEHYUN,意志
SKILLDES_JAEHYUN,队伍体力低于或等于30%时，所有属性提升。
SKILLDOLPA_JAEHYUN,技能效率越高，能力值提升越显著。
PLAYER/NAM_JAEHYUN/CATCHPHRASE,"""任何一个球，我都不会轻易放过。那是我成为最强的路。"""
PLAYER/NAM_JAEHYUN/SIMPLE_DES,天空高中的主攻手。作为白时宇的对手，与李英燮同为高中最强的主攻手之一。其特点是经过良好训练的身体所带来的惊人体力，以及永不言弃的意志力。他在比赛中从不停歇，因此盯防他的选手会感到极度疲劳。# 他没有任何排球选手所需要的天赋。由于运动神经极差，他必须将所有必要的动作一一背下并反复训练，才能勉强跟上常人的水平。就连最看重他的教练都曾建议他放弃排球。但是，南宰贤没有放弃，反而付出了比别人多几倍、几十倍的努力，才有了今天的成就。时至今日，他依旧为了成为最强的选手而不断努力着。
PLAYER/NAM_JAEHYUN/DETAIL_DES,虽然看起来有些不良，但其实是只专注于目标的类型，所以不会做多余的事情。父母都是教师，因此学习成绩也很好，是一位相当优秀的学生。
PLAYER/NAM_JAEHYUN/BIRTH,
PLAYER/NAM_JAEHYUN/BACKNUM,
PLAYER/NAM_JAEHYUN/MOTTO,Ad astra per aspera# （循此苦旅，以达天际。）
PLAYER/LEE_YOUNGSEOB/NICKNAME,最强主攻手
PLAYER/LEE_YOUNGSEOB/LINE,我会适当放水的，你要好好加油哦。
SKILLNAME_YOUNGSUB,真光不辉
SKILLDES_YOUNGSUB,即使没有特殊能力，也能凭借惊人身体素质在球场上所向披靡的高中顶尖主攻手。
PLAYER/LEE_YOUNGSEOB/CATCHPHRASE,"""我叫李英燮，身高169cm，智山高中的王牌。"""
PLAYER/LEE_YOUNGSEOB/SIMPLE_DES,智山高中的王牌。凭借爆发性的跳跃力和强大的力量克服了身高的劣势，成为了最顶尖的王牌选手。作为队伍实际上的核心，他总能细心关照周围的人，是理想的领袖类型。虽然说话语气比较生硬，乍一看有些吓人，但实际上对后辈相当温柔。
PLAYER/LEE_YOUNGSEOB/DETAIL_DES,能够引领团队，准确把握队员们的想法并提出建议的领袖型球员。在团队中发挥着实质性的核心作用。说话语气生硬，给人一种纪律严明的感觉。但其实只是说话方式如此，实际上是一位对后辈非常亲切的前辈。
PLAYER/LEE_YOUNGSEOB/NEW_DES,
PLAYER/LEE_YOUNGSEOB/BIRTH,
PLAYER/LEE_YOUNGSEOB/BACKNUM,
PLAYER/LEE_YOUNGSEOB/MOTTO,所谓不可能，只是不努力的人的借口。
PLAYER/LISIA/NICKNAME,天空公主
PLAYER/LISIA/LINE,让沙滩排球的魅力彻底征服你吧！
SKILLNAME_LISIA,天空发球
SKILLDES_LISIA,使出将球高高击向空中的强力发球。连续发球成功时，成功率会降低。
SKILLDOLPA_LISIA,技能效率越高，发球成功率就越高。
PLAYER/LISIA/CATCHPHRASE,"""浪漫、自由、大海！沙滩排球不是很帅吗？"""
PLAYER/LISIA/SIMPLE_DES,"隶属于太阳排球队青年队""承曦队""的选手。她的目标是像她所崇拜的绿洲一样，不被规则和胜负束缚，纯粹享受运动的快乐。虽然接触沙滩排球的时间尚短，但她已经坐稳队内主力的位置，活跃在赛场上的表现比任何人都耀眼。# 因为整日在艳阳下打沙滩排球，她的食量非同一般。她从不会因为吃饱而剩下食物，即使是""黑暗料理""也能面不改色地吃下去，据说她是掏空绿洲钱包的罪魁祸首。# 她掌握着队内威力最强的发球。将球高高抛向空中后打出的雷霆重扣，兼具力量与控制，常常让对手在接球时措手不及。不过，缺点是力量控制还不够熟练，连续尝试时，球会直接飞出界外。"
PLAYER/LISIA/BIRTH,
PLAYER/LISIA/BACKNUM,
PLAYER/LISIA/MOTTO,R = VD (现实 = 生动的梦)
SKILLNAME_ATIS,离岸流
SKILLDES_ATIS,鱼跃后起身较慢，但拥有出色的身体素质。
PLAYER/ARTIS/CATCHPHRASE,"""…很好，都到齐了。欢迎来到夏日狂欢。"""
PLAYER/ARTIS/SIMPLE_DES,国际沙滩排球联合会所属的青少年教练。由于高大的身材和可怕的相貌，看似难以接近，但实际上他拥有一颗温暖的心，真心疼爱着孩子们。# 作为绿洲的前队友，他曾与绿洲一同作为太阳排球队的明星活跃在赛场上。之后转会至棕榈风暴队，与绿洲成为了对手。据说在此过程中，两人之间曾有过相当大的摩擦。
PLAYER/ARTIS/BIRTH,
PLAYER/ATRIS/BACKNUM,
PLAYER/ARTIS/MOTTO,有磨炼，无失败。
PLAYER/SANGHYEON/NICKNAME,球场偶像
PLAYER/SANGHYEON/LINE,看比赛前别忘了点个赞哦～
SKILLNAME_SANGHYEON,高光时刻
SKILLDES_SANGHYEON,技能触发时，短暂提升全队实力。
PLAYER/SANGHYEON/CATCHPHRASE,"""看比赛前，别忘了点个赞哦～"""
PLAYER/SANGHYEON/SIMPLE_DES,"球场偶像。凭借高大的身材和帅气的脸庞，他拥有众多粉丝。他本人也很清楚自己的明星气质，并利用这一点策划了""超级明星挑战赛""，扮演着更接近市场策划或制作人的角色。这个项目为有潜力的高中生开辟了进入职业赛场的新途径，但由于过度激进的剪辑和编排，导致不少选手因此放弃了排球。无论从好的一面还是坏的一面来看，他都是一个着眼于排球商业价值的人物。# 令人意外的是，他对排球比任何人都认真。虽然他在艺术高中作为选手兼创作者开始为人所知，但实际上从初中时代起，他就亲自创办了初中生排球联赛，在业内小有名气。他之所以开始关注排球的商业性，也是因为自己创办的初中生排球联赛最终因人气低迷而停办的经历。之后，他的才能被某人发现并挖掘，曾在意大利短暂留学。"
PLAYER/SANGHYEON/BIRTH,
PLAYER/SANGHYEON/BACKNUM,
PLAYER/SANGHYEON/MOTTO,随波逐流，永无出头之日★
PLAYER/AYEON/NICKNAME,球场化学魔法师
PLAYER/AYEON/LINE,2KNO₃... S.. 3C...
SKILLNAME_AYEON,化学反应
SKILLDES_AYEON,雅莹在第一次接球后，托出的球可以使扣球更具威力。#化学反应后的扣球速度更快，爆发时可以大幅降低对方的体力。
SKILLDOLPA_AYEON,技能效率越高，化学反应提供的额外攻击力就越高。
PLAYER/AYEON/CATCHPHRASE,"""呵呵…愿意和我做朋友吗？"""
PLAYER/AYEON/SIMPLE_DES,化学高中的主力二传手。她带领原本实力偏弱的化学高中排球部闯入全国大赛预选赛，实力出众。因每晚读书导致视力下降，她平时戴着厚厚的眼镜，而化学高中排球部粉丝俱乐部的成员们却认为，她戴眼镜的样子更有魅力。当然，因为怕给雅莹造成困扰，他们只敢在远处默默欣赏。雅莹本人完全不知道粉丝俱乐部的存在，还独自误以为大家觉得她难以接近。
PLAYER/AYEON/BIRTH,
PLAYER/AYEON/BACKNUM,
PLAYER/AYEON/MOTTO,所谓智慧，就是适应变化的能力
PLAYER/JEONG_SOHEE/NICKNAME,值得信赖的二传手
PLAYER/JEONG_SOHEE/LINE,来！来！让我看看你的真正实力！
SKILLNAME_SOHEE,稳定传球
SKILLDES_SOHEE,技能发动时，传出看起来在空中缓慢移动的托球。
PLAYER/JEONG_SOHEE/CATCHPHRASE,"""双腿发软也没关系，只要不停下脚步就好。"""
PLAYER/JEONG_SOHEE/SIMPLE_DES,黄色猎豹队的主力二传手。性格活泼，体贴入微，看到在团队中被冷落的人就无法坐视不理。虽然因为这份天生热心肠而常常陷入困境，但她本人却说，正是这样她才交到了许多好朋友。# 与外表不同，她其实是个内心很怕孤单的人。由于自幼在日本开始选手生涯，并始终肩负着队伍顶梁柱的重任，她逐渐筑起心墙，不再轻易向他人敞开心扉。为了回应粉丝、队友和家人的期待，她习惯性将自己的感受放在最后，这成了她内心唯一的软肋。
PLAYER/JEONG_SOHEE/BIRTH,
PLAYER/JEONG_SOHEE/BACKNUM,
PLAYER/JEONG_SOHEE/MOTTO,不要急于求成，但也不要停下脚步！
PLAYER/NISHIKAWA_WEAKED/NICKNAME,雷霆万钧的主攻手
PLAYER/NISHIKAWA_WEAKED/LINE,哈哈！让我看看实力如何吧！
PLAYER/NISHIKAWA/NICKNAME,国家队主攻手
PLAYER/NISHIKAWA/LINE,我会证明你的实力。
SKILLNAME_NISIKAWA1,充能
SKILLDES_NISIKAWA1,能通过调整助跑来精确控制跳跃高度，适应各种战术需求。
SKILLNAME_NISIKAWA2,雷霆扣球
SKILLDES_NISIKAWA2,击球点达到4米或以上时，可以打出更强力的扣球。
SKILLNAME_NISIKAWA3,上旋吊球
SKILLDES_NISIKAWA3,能做出更快速下落的吊球，迷惑对手的防守部署。
SKILLNAME_NISIKAWA4,多重挥击
SKILLDES_NISIKAWA4,可在空中挥臂两次，第二次挥臂时扣球威力提升。
PLAYER/NISHIKAWA/CATCHPHRASE,"""我会证明你的实力。"""
PLAYER/NISHIKAWA/SIMPLE_DES,"世界五大主攻手之一。据说他扣球时，体育馆内会响起雷鸣，因此人们称他为""雷霆西川""。在五大主攻手中，他被评价为拥有最出色的跳跃力，所有刚开始接触排球的青少年选手都梦想成为他那样的人。# 他也是一个将""摘下眼镜就会变帅""这个经典桥段变为现实的人物。平时他戴着一副厚厚的黑框眼镜，但摘下眼镜后，会露出锐利的眼神。据说是因为小时候锐利的眼神常被人误会，为了能更好地与周围人相处，才开始戴眼镜。那土气的眼镜款式还是他的恩师帮忙挑选的。"
SKILLNAME_NISIKAWA5,节能
PLAYER/NISHIKAWA/DETAIL_DES,在不分伯仲的五大主攻手中，被评价为拥有最出色跳跃力的球员。无论做什么事都过分地积极，以至于把任何批评都当作对自己的称赞来接受。尽管拥有与生俱来的才能，但还是凭借坚定的目标和执着，通过不懈的努力成为了职业球员，并且现在也展现出不断进步的样子。
SKILLDOLPA_NISIKAWA,强度与技能效率成正比。
PLAYER/NISHIKAWA/BIRTH,
PLAYER/NISHIKAWA/BACKNUM,
PLAYER/NISHIKAWA/MOTTO,哪怕只有1%，也要超越昨天的自己。
PLAYER/YAMADERA/NICKNAME,封锁副攻手
PLAYER/YAMADERA/LINE,唉…为什么偏偏是我…
SKILLNAME_YAMADERA,封锁
SKILLDES_YAMADERA,山寺接到对方来球的第一下后，会使最后触球的对方球员进入封锁状态。#处于封锁状态的球员，能力值会在短时间内大幅降低。
PLAYER/YAMADERA/CATCHPHRASE,"""这个话题…如果要说很久的话，我可以先回去吗…？"""
PLAYER/YAMADERA/SIMPLE_DES,"瓦伦蒂亚尖峰队的主力副攻手。他极度不擅与人交往，是个凡事都嫌麻烦的重度""懒癌""患者。忧郁的外表加上直白的说话方式，常被人误解。# 他是西川的高中学弟。由于内向、有洁癖且社交能力低下，他度过了一段灰暗的学生时代，但在升入高中后，西川主动接近并邀请他加入排球部，这件事成为了他人生的转折点。多亏西川的帮助，他现在作为""怪咖二人组""的一员与西川并肩作战。# 他擅长在比赛中仔细观察对手并找出破解之法，能迅速捕捉对方的细微习惯或战术意图，从而限制其优势发挥。"
PLAYER/YAMADERA/BIRTH,
PLAYER/YAMADERA/BACKNUM,
PLAYER/YAMADERA/MOTTO,速度会腐蚀灵魂。
PLAYER/ROBERTO/NICKNAME,竞技场的人形盾牌
PLAYER/ROBERTO/LINE,优秀的动作源于强健的肌肉！
SKILLNAME_ROBERTO,盔甲
SKILLDES_ROBERTO,拦网准确度越高，攻击力、速度和跳跃力就越强。同时拦网更加坚不可摧。
SKILLDOLPA_ROBERTO,技能效率越高，计量条积累得越快。
PLAYER/ROBERTO/CATCHPHRASE,"""今天就在这里，拦下你。"""
PLAYER/ROBERTO/SIMPLE_DES,铁壁之罗伯特。他全身覆盖着厚实的肌肉，宛如身披盔甲。体力也极其惊人，直到比赛结束也气息平稳。他并非只有蛮力，还拥有开阔的视野和出色的判断力，是极为难缠的对手。遇到和自己一样拥有出色肌肉的人，他很快就能和对方成为朋友。
PLAYER/ROBERTO/BIRTH,
PLAYER/ROBERTO/BACKNUM,
PLAYER/ROBERTO/MOTTO,骨骼里见天赋，肌肉中显努力。
PLAYER/NN/NICKNAME,世界第一怪咖
PLAYER/NN/LINE,什么？已经开始了吗？这么快？
SKILLNAME_NN,狙击
SKILLDES_NN,能以惊人的速度将球精准托到指定位置，为队友创造绝佳进攻机会。
PLAYER/NN/SIMPLE_DES,巧克力牛奶融合了巧克力风味与牛奶的营养，可均衡补充碳水化合物、蛋白质和脂肪。它尤其有助于儿童补充钙质，口味也深受喜爱，是一种广受欢迎的饮品。
PLAYER/NN/BIRTH,制造年月：YYYY.MM
PLAYER/NN/BACKNUM,原奶等级：1A
PLAYER/NN/MOTTO,广告语：今天你喝巧克力牛奶了吗？
PLAYER/ISABEL/NICKNAME,竞技场女王
PLAYER/ISABEL/LINE,期待你的王牌级扣球表现哦…
SKILLNAME_ISABEL,格挡
SKILLDES_ISABEL,根据对手扣球的力量来蓄能。能量越多，就能打出更强力的扣球和更高的跳跃。#接球时还能恢复体力。
SKILLDOLPA_ISABEL,技能效率决定充能容量。
PLAYER/ISABEL/CATCHPHRASE,"""只要能接到漂亮的扣球，我随时奉陪哦？"""
PLAYER/ISABEL/SIMPLE_DES,竞技场女王。为了寻找强大的主攻手而四处漂泊，最终在竞技场联赛安顿下来。如今被誉为竞技场最强者之一。顺便一提，据说她的理想型是能打出让她束手无策的强力发球的主攻手。# 她防守平衡感极佳，喜欢在接下对方的进攻后，立刻亲自反击。可以说，她打排球就是为了享受那种化解对方攻势、并以得分回敬对手的瞬间快感。
PLAYER/ISABEL/BIRTH,
PLAYER/ISABEL/BACKNUM,
PLAYER/ISABEL/MOTTO,沙漠之所以美丽，是因为在某个角落藏着一口井。
PLAYER/LEON/NICKNAME,竞技场猛兽
PLAYER/LEON/LINE,祝你好运。相信我，你会需要的。
SKILLNAME_LEON,自尊心
SKILLDES_LEON,离网越远，扣球威力越强，但网前扣球威力较弱。
PLAYER/LEON/CATCHPHRASE,"""祝你好运，你会需要的。"""
PLAYER/LEON/SIMPLE_DES,绿色莱昂队的队长。粗野的打法和尖刻的言辞常常招来周围人的白眼。他一心追求“强大”，对弱者毫不关心，却在自己认可的强者伊莎贝尔和罗伯特面前温顺如羊。只要有人认可他的实力，他就会暗自高兴。
PLAYER/LEON/BIRTH,
PLAYER/LEON/BACKNUM,
PLAYER/LEON/MOTTO,千锤成利器，百炼化纯钢。
PLAYER/VIOLA/NICKNAME,维奥拉
SKILLNAME_VIOLA,天真烂漫
SKILLDES_VIOLA,喜欢将球托向远离网的方向。有时托球还能恢复队伍体力。
PLAYER/VIOLA/CATCHPHRASE,一成不变的托球不是很无聊吗？
PLAYER/VIOLA/SIMPLE_DES,竞技场的淘气包。被视为接替伊莎贝尔的下一任女王候选人。她对任何人的八卦都兴致勃勃，尤其热衷于伊莎贝尔的感情生活。不过，与此相对的是，她对自己的事却相当迟钝，据说这让不少人暗地里为她着急。她患有失忆症，完全没有童年时期的记忆。# 她的手腕力量极强，喜欢不按常理出牌。尤其喜欢在快攻时将球传向后排进攻，因此经常将球托到攻击线后方。正因她是风格如此独特的二传手，初次与她组队的选手都会倍感辛苦。
PLAYER/VIOLA/BIRTH,
PLAYER/VIOLA/BACKNUM,
PLAYER/VIOLA/MOTTO,人生只有一次，尽情享受吧！
PLAYER/MA_YOONSEOK/NICKNAME,自称最强主攻手
PLAYER/MA_YOONSEOK/LINE,那个…我会适当放水的，你…你要好好加油哦！
SKILLNAME_YOONSEOK,马允硕
SKILLDES_YOONSEOK,能增加对方全队大意的概率，创造更多得分机会。
SKILLDOLPA_YOONSEOK,技能效率越高，吊球下落得越快。
PLAYER/MA_YOONSEOK/SIMPLE_DES,"""身为世界五大主攻手的本大爷，正暂时隐瞒身份，在高中享受着青春。不过，最近因为女学生们不断的告白攻势而感到困扰。特别是排球部的经理郑多熙，最近她对我毫不掩饰地表达着好感。为什么她们就不明白，帅气的男人此生只会选择排球这一条路呢？果然，人气明星的道路是坎坷的。# ——摘自马允硕的日记"""
PLAYER/MA_YOONSEOK/BIRTH,
PLAYER/MA_YOONSEOK/BACKNUM,
PLAYER/MA_YOONSEOK/MOTTO,活得漂亮，就是最好的报复！！
PLAYER/JO_MINJUN/NICKNAME,命运多舛的主攻手
PLAYER/JO_MINJUN/LINE,明明说今天运气会很好的…
SKILLNAME_MINJUN,闪电旋转
SKILLDES_MINJUN,能打出中途突然改变轨迹的刁钻扣球，让对手防不胜防。
SKILLDOLPA_MINJUN,球的旋转强度与技能效率密切相关。
PLAYER/JO_MINJUN/CATCHPHRASE,"""无论发生什么，我都不会逃避。因为我很清楚，逃避会更痛苦。"""
PLAYER/JO_MINJUN/SIMPLE_DES,不幸的主攻手。每逢重要比赛，总会遭遇不幸，始终无法完全发挥出自己的实力。但是，对他而言，不幸只是人生的调味剂。他能轻松地将过去抛之脑后，很快投入新的挑战。据说有赵敏俊在的队伍，士气永远不会低落。
PLAYER/JO_MINJUN/BIRTH,
PLAYER/JO_MINJUN/BACKNUM,
PLAYER/JO_MINJUN/MOTTO,只管向前，我的人生没有回头路。
SKILLNAME_RYUHYUN,神龙摆尾
SKILLDES_RYUHYUN,空中长按扣球按钮可蓄力。#蓄力越久，攻击越猛。
PLAYER/RYUHYUN/CATCHPHRASE,"""我会守护仙林。"""
PLAYER/RYUHYUN/SIMPLE_DES,"仙林高中的学生会长，也是传统武术""仙林""的大弟子。自幼被仙林的门主收养，成长为他的得意门生。他本想继承门主的遗志，将仙林的武术发扬光大，但对排球的热爱之心却与日俱增，因此常感困扰。# 得益于长年的武术修炼，他锻炼出了一副强健的体魄，无论在何种姿势下都能打出强力的扣球。尽管已经很久没有打排球，他的扣球依然如磐石般沉重。"
SKILLDOLPA_RYUHYUN,技能效率越高，蓄力速度越快。
PLAYER/RYUHYUN/DETAIL_DES,经常吹口哨。虽然没有什么特别的理由，只是习惯而已。但是锋泽开始唠叨的时候，反而会变本加厉。
PLAYER/RYUHYUN/BIRTH,
PLAYER/RYUHYUN/BACKNUM,
PLAYER/RYUHYUN/MOTTO,纵有动摇，绝不折腰。
PLAYER/RYUHYUN/NICKNAME,青龙主攻手
PLAYER/RYUHYUN/LINE,我誓要捍卫仙林的未来。
PLAYER/RYUHYUN/LINE_02,今天，我必胜！
SKILLNAME_HONGSI,虎啸山林
SKILLDES_HONGSI,比赛首次发球时，极有可能让对方全员陷入士气低落的泄气状态。#被红柿的扣球击中的球员会被打上标记，再挨一下就必定防守失败。
PLAYER/HONGSI/CATCHPHRASE,"""少年啊，要胸怀大志！"""
PLAYER/HONGSI/SIMPLE_DES,"仙林高中数一数二的武术家之一。好奇心旺盛，常常以""见识世界""为借口溜出学校，周游世界。和昊天的心理年龄十分契合，所以动不动就吵吵闹闹。# 心情好的时候，她发球时会发出响亮的呐喊声。她自己认为，只要她大声一喊，所有人都会被震慑住，但实际上…大家都是因为觉得可爱而会心一笑，才导致注意力分散的。"
PLAYER/HONGSI/BIRTH,
PLAYER/HONGSI/BACKNUM,
PLAYER/HONGSI/MOTTO,世界之大，冒险无涯！
PLAYER/HONGSI/NICKNAME,白虎主攻手
PLAYER/HONGSI/LINE,上吧，小子！
INGAME/HONGSI/LINE,小红柿才最辣！
SKILLNAME_MOOYOUNG,守护之泉
SKILLNAME_MOOYOUNG_REMAKE,庇护
SKILLDES_MOOYOUNG,接球时在身体周围生成大水泡。#被水泡包裹的球员，防守力大幅提升，并能无视球的特殊效果。
SKILLDES_MOOYOUNG_REMAKE,技能激活时，使防守力最低的球员进入庇护状态，提升其防守力和防守范围。#在庇护状态下防守吊球时，转为护击状态。
PLAYER/MUYEONG/CATCHPHRASE,"""久违地摸到球，感觉真奇妙。看来是想念了。"""
PLAYER/MUYEONG/SIMPLE_DES,"仙林的弟子之一，因其凡事谨慎沉稳的性格，包揽了各种杂务。他有着少年老成的一面，每当昊天表现得傲慢或红柿闯祸时，他总会咂着嘴数落个不停。# 他防守实力出众，被称为仙林的""守护神""。擅长用头脑打球，无论何种情况都不会慌张，总能冷静地分析局势并选择最佳方案。打法虽不华丽，但实际对阵起来，却是相当难缠的类型。他能准确把握队友的能力，巧妙串联起来，从而让全队的防守水平更上一层楼。"
SKILLDOLPA_MOOYOUNG,技能效率越高，受保护球员的防守力增幅和来球威力的降低比例越高。
SKILLDOLPA_MOOYOUNG_REMAKE,技能效率越高，庇护状态的防守力和防守范围，以及护击状态的攻击力增幅越大。
PLAYER/MUYEONG/BIRTH,
PLAYER/MUYEONG/BACKNUM,
PLAYER/MUYEONG/MOTTO,别不高兴，过来听我说道说道。
PLAYER/MUYEONG/NICKNAME,玄武二传手
PLAYER/MUYEONG/LINE,这种感觉…真让人兴奋啊
PLAYER/MUYEONG/LINE_02,柔中带刚，方为至强…
SKILLNAME_HANRA,烈日
SKILLDES_HANRA,静岚在场时，队友进入[泄气]状态的概率大幅降低。#防守力、速度、防守范围、鱼跃速度、拦网准备速度等身体能力均优于普通球员。
PLAYER/HANRA/CATCHPHRASE,"""请赐教。"""
PLAYER/HANRA/SIMPLE_DES,仙林高中武术实力最顶尖的四人之一，出人意料的是，单论武术实力，据说她比昊天更胜一筹。但是，她承认昊天是仙林大弟子的事实，并专心辅助他。她实际承担着类似纪律委员长的职责，校内发生的骚动大多由静岚出面解决。# 虽然外表看起来冷酷木讷，但其实非常喜欢可爱的东西。不过，她认为这种喜好与自身不符，因此竭力掩饰。
PLAYER/HANRA/BIRTH,
PLAYER/HANRA/BACKNUM,
PLAYER/HANRA/MOTTO,越是强者，越应温柔。
PLAYER/HANRA/NICKNAME,朱雀副攻手
PLAYER/HANRA/LINE,没办法，就陪你打一局吧！
PLAYER/HANRA/LINE_02,请小心，别被晃花了眼！
SKILLNAME_SODAM,向阳花
SKILLDES_SODAM,根据与主攻手的距离调整托球。#每当球队失分时，有5%几率让全队进入【专注】状态。
PLAYER/SODAM/CATCHPHRASE,"""现在…可以打排球了吗…？"""
PLAYER/SODAM/SIMPLE_DES,虽然就读于武术学校，但比起武术家，她更憧憬成为一名排球选手。某次偶然到仙林学校参观时，她被学生们热情打排球的样子所吸引，从而迷上了排球并考入了仙林高中。不料入学后不久，昊天突然禁止了排球活动，这让她备受打击。# 她对静岚有着深深的依赖，就像小鸡紧跟着鸡妈妈般，寸步不离地跟在她身后。每次静岚准备的超大量食物，她都会像雏鸟般吃得干干净净，结果常常因此吃坏肚子。
SKILLDOLPA_SODAM,技能效率越高，触发几率越大。
PLAYER/SODAM/BIRTH,
PLAYER/SODAM/BACKNUM,
PLAYER/SODAM/MOTTO,有梦想，就要守护。
SKILLNAME_SARAH,暴击托球
PLAYER/SARA/CATCHPHRASE,"""你总是超出我的预期呢。"""
PLAYER/SARA/SIMPLE_DES,世界五大主攻手之一。以爆发性的反应力和速度掌控着赛场。即使已成为五大主攻手之一，她也丝毫没有自满，仍在为了持续成长而努力。据名门阿什维尔黄鼠狼队的教练所说，单论对排球的理解深度，在五大主攻手中，莎拉无疑是顶尖的。# 凭借极高的排球智商，她作为一名全能型选手，无论在哪个位置都能发挥出职业主力级别的水平。目前正值休赛期，为了和时宇并肩作战，她暂时担任二传手，但不久后便会回归主攻手的位置。# 尽管备受外界赞誉，但只要一站到时宇面前，她就会变得笨手笨脚。时宇的一句话就能让她心绪不宁、面红耳赤，甚至会因为紧张而犯下平时绝不会犯的低级错误。据说正因如此，时宇有时也会怀疑莎拉的真实水平。
SKILLDES_SARAH,托球时，球的周围会出现一个圆圈，显示最佳扣球时机。在圆圈与球重合的瞬间扣球，可以发挥出比平时更强大的威力。#有较低概率会直接扣球。
PLAYER/SARA/SIMPLE_DES_02,世界五大主攻手之一，徐莎拉。以在球场上快速移动而闻名。作为一名全能型球员，无论打哪个位置都能发挥出职业主力球员的水平。现在为了白时宇临时担任二传手，但总有一天会以主攻手的身份再次回归。
PLAYER/SARA/BIRTH,
PLAYER/SARA/BACKNUM,
PLAYER/SARA/MOTTO,无论你多么用力扣球，也只有1分。
SKILLNAME_MIKE,轮胎
SKILLDES_MIKE,装上轮胎时速度和弹跳力会下降。#通过接球累积一定冲击后，轮胎会解除，弹跳力和速度大幅增加。
PLAYER/MIKE/CATCHPHRASE,"""准备好了吗，戴夫？"""
PLAYER/MIKE/SIMPLE_DES,戴夫的双胞胎哥哥，与他共同经营山庄。他喜欢在脚踝上绑着沙袋进行锻炼。从选手时代起，他就以腰间绑着轮胎跑步这种激烈的训练方式而闻名。# 虽然发量不多，但鬓角却比任何人都浓密。据说他每天早上都会站在镜子前，精心梳理自己的鬓角。
PLAYER/MIKE/BIRTH,
PLAYER/MIKE/BACKNUM,
PLAYER/MIKE/MOTTO,汗水是不会说谎的！
SKILLNAME_DAVE,热身
SKILLDES_DAVE,不移动时，会做俯卧撑。#俯卧撑做得越多，身体能力越强，体型也会稍微变大。
PLAYER/DAVE/CATCHPHRASE,"""开始吧，迈克！"""
PLAYER/DAVE/SIMPLE_DES,举办洛克威尔训练营的山庄主人。曾是排球选手，但比起实力，他更以帅气的小胡子和肌肉发达的魁梧身材而闻名。结实的肌肉身材，以及精心打理的丝绸般秀发，也是他的骄傲。# 他是个罕见的好人，有着绅士般的性格。洛克威尔训练营开始后，他会和哥哥迈克一起主动照顾孩子们，并以此为豪。不过，有时因为对孩子们的心意太过强烈，偶尔会有些失控。
PLAYER/DAVE/BIRTH,
PLAYER/DAVE/BACKNUM,
PLAYER/DAVE/MOTTO,肌肉是不会背叛你的！
PLAYER/CLYDE/LINE,小蝶，要不要来打发一下时间？
PLAYER/CLYDE/NICKNAME,有潜力的副攻手
SKILLNAME_CLYDE,小蝶
SKILLDES_CLYDE,克莱德心爱的猫咪会一同登场。#猫咪会在球场上四处走动，将处于泄气状态的球员变为专注状态。
PLAYER/CLYDE/CATCHPHRASE,"""小蝶～吃饭啦～"""
PLAYER/CLYDE/SIMPLE_DES,洛克威尔青少年排球队的主力副攻手。他虽不及塔尼娅富裕，却也是个家境殷实的少爷。# 他个性我行我素，十分明显。如果有一阵子不见人影，十有八九是去找小猫玩耍。小时候他常常为了追猫而失踪，引发骚动，而每次都是塔尼娅把他找回来。至今，塔尼娅仍是他唯一的朋友，两人一见面还是会吵吵闹闹。
PLAYER/CLYDE/BIRTH,
PLAYER/CLYDE/BACKNUM,
PLAYER/CLYDE/MOTTO,无猫不活。
SKILLNAME_TANIA,光速托球
SKILLDES_TANIA,快速下坠的托球。#扣塔尼娅托的球时，托球的下坠速度越快，球的威力就越大。#(难度较高，不适合初学者使用。)
PLAYER/TANIA/CATCHPHRASE,"""好，要是输给本小姐，就立刻打包滚蛋，听见没？"""
PLAYER/TANIA/SIMPLE_DES,"世界知名企业威尔顿集团会长的幺女。儿时起便拿着家族集团旗下排球品牌""RISE""的排球玩耍着长大，自然而然地迷上了排球。她既有热情，也充满天赋，但她作为最小的掌上明珠，从小备受宠爱，所以有些以自我为中心。她常常不顾其他选手，任性地传出快节奏的托球，让队友们措手不及。# 她和同样出身豪门的克莱德自幼相识。对于不像其他人那样刻意讨好自己的克莱德，她似乎相当在意。她的人生目标之一，就是有朝一日要让克莱德认识到自己的伟大。"
PLAYER/TANIA/BIRTH,
PLAYER/TANIA/BACKNUM,
PLAYER/TANIA/MOTTO,我的人生，我做主。
PLAYER/JENNY/NICKNAME,野猫
SKILLNAME_JENNY,伊卡洛斯之翼
SKILLDES_JENNY,在比赛中达到的最高击球点会提高攻击力和跳跃力。#当刷新最高击球点时，扣杀威力提升25%。
PLAYER/JENNY/CATCHPHRASE,"""我可以输给别人，但绝对不能输给自己！"""
PLAYER/JENNY/SIMPLE_DES,"幻影联赛最年轻的主攻手。小时候与徐莎拉约定要成为""最强的排球选手""后，便一刻不停地努力至今。童年时曾因受伤险些永远告别排球，但凭借含泪的坚持终究战胜困难，在幻影联赛中展现出令人瞩目的成长速度。她的情绪起伏较大，状态会直接影响比赛表现，但也正因如此，一旦进入专注状态，便能发挥出爆发性的集中力。# 由于一生只专注于排球，她缺乏一些基本常识，不擅长与同龄朋友交往，对时下流行也一无所知。不过，这并非她对排球以外的事物不感兴趣，只是没有机会接触而已。因此，她有时会带着羡慕的目光看着那些同龄人。"
PLAYER/JENNY/BIRTH,
PLAYER/JENNY/BACKNUM,
PLAYER/JENNY/MOTTO,比任何人都远，比任何人都高。
SKILLNAME_ELLIO,深渊传球
SKILLDES_ELLIO,对埃利奥传出的托球进行扣球时，角度越接近垂直，威力越强。
PLAYER/ELLIO/DES,我会展现最精彩的比赛。
PLAYER/ELLIO/CATCHPHRASE,"""我们必须打出能让观众开心的比赛，因为我们是职业选手。"""
PLAYER/ELLIO/SIMPLE_DES,"曾效力于一支相当有名的队伍，但因某种原因被开除，最终流落至幻影联赛。现在与珍妮同队，凭借出色的粉丝服务和舞台表现力获得了极高的人气。# 他同情在幻影联赛中日渐沉沦的珍妮，总在暗中照顾她，因此成为珍妮少数能够敞开心扉并依赖的人之一。虽然他自称为""俗人""，但周围的人却异口同声地称他为""好人""。这都是因为他表面上装作自私自利、精于算计，背后却总是细心关照着身边的人。"
PLAYER/ELLIO/BIRTH,
PLAYER/ELLIO/BACKNUM,
PLAYER/ELLIO/MOTTO,如柔风，似韧苇。
SKILLNAME_RAUL,
SKILLDES_RAUL,
PLAYER/JENNY/DES,至少在球场上，我要比任何人飞得都高！
PLAYER/RAUL/SIMPLE_DES,幻影联赛中唯一的Lv.4球员，也是五大主攻手之一。性格粗野好战，享受与强敌交锋的快感。他极度讨厌听从他人命令，却唯独对姐姐卡拉言听计从。无论恩怨，他都不会忘记，意外地十分重视义气。
PLAYER/RAUL/BIRTH,
PLAYER/RAUL/BACKNUM,
PLAYER/RAUL/MOTTO,与其被踩，不如踩别人活下去。
PLAYER/RAUL_FIRST_SHOW/LINE,挡道了，闪开。
PLAYER/RAUL_FIRST_SHOW/NICKNAME,野兽扣球手拉乌尔
SKILLNAME_LUCAS,闪光
SKILLDES_LUCAS,激活能力时，所有属性会暂时大幅提升。但使用能力的次数越多，不使用时的属性就会越低。
PLAYER/LUCAS/CATCHPHRASE,"""要是只会听命行事，还算什么超级巨星？"""
PLAYER/LUCAS/SIMPLE_DES,"幻影联赛最强的主攻手。凭借与生俱来的感觉和天赋，无论做什么都能达到平均以上的水准。他以自我为中心，极度自恋，但同时也具备作为超级巨星的坚定责任感。# 在幻影联赛的最后一场比赛前，他偶然瞥见了尚贤的平板电脑，发现里面密密麻麻都是反复修改的笔记。当他看到最后一排写着的""绿洲""二字时，瞬间理解了其中的含义，并将其作为了自己的艺名。"
PLAYER/LUCAS/BIRTH,
PLAYER/LUCAS/BACKNUM,
PLAYER/LUCAS/MOTTO,有粉丝的地方，就是我的舞台！
SKILLNAME_ZERO,聚光灯
SKILLDES_ZERO,技能发动时，传出一个低托球。该托球接近顶点时会发光，此前无法扣球。扣中后威力更强，但若未能扣中，主攻手会进入泄气状态。
PLAYER/ZERO/CATCHPHRASE,"""我会把你打造成超级巨星。"""
PLAYER/ZERO/SIMPLE_DES,"尚贤五年前的样子。从升入初中起，就以其压倒性的球感被誉为""天才二传手""。据说他不仅能胜任二传手，无论担任哪个位置都能大放异彩。凭借这份才能，他在进入幻影联赛后，也作为太阳火花队的主力二传手表现活跃。""零""并非真名，据说是他为了在海外发展而特意取的名字。也有传言说这名字其实出自卡拉之手。# 离开幻影联赛后，尚贤转学到了艺术高中。开学第一天，就连他初中旧友都认不出他。因为他把头发染成了华丽的颜色，说话方式也完全变了。虽然有几个朋友问过他原因，但尚贤只是漠然地看着手机屏幕，没有回答。"
PLAYER/ZERO/BIRTH,
PLAYER/ZERO/BACKNUM,
PLAYER/ZERO/MOTTO,犯过一次的错，绝不能再犯第二次。
SKILLNAME_HARI,灭花
SKILLDES_HARI,接球时，最后触球的对方选手会被留下标记。在所需时机发动技能时，所有带有标记的选手将被暂时限制行动。
PLAYER/HARI/CATCHPHRASE,"""…只是工作而已。"""
PLAYER/HARI/SIMPLE_DES,（前）竞技场女王，幻影联赛十五人委员会的成员。据说是在她从竞技场销声匿迹之后，伊莎贝尔才得以登上女王的宝座。# 只要是卡拉的指令，她无不遵从。唯独拒绝丢弃左手腕上那个陈旧肮脏的护腕。即便面对卡拉，她也绝不妥协此事。个中缘由，唯有卡拉与她知晓。# 她的特长是彻底分析对手，从而完全掌控比赛。对手选手们往往连一次自己擅长的打法都施展不出来，最终便会陷入僵局。
PLAYER/HARI/BIRTH,
PLAYER/HARI/BACKNUM,
PLAYER/HARI/MOTTO,...
SKILLNAME_CROW,黑暗乌鸦
SKILLDES_CROW,可以打出无视对方50%防守力的扣球。
PLAYER/CROW/CATCHPHRASE,"""真遗憾。这场比赛，我们赢定了。"""
PLAYER/CROW/SIMPLE_DES,曾与伊莎贝尔搭档的副攻手。虽然与伊莎贝尔一同在竞技场备受瞩目，被誉为最顶尖的选手，但实际上他性格急躁且有强迫症。尽管个性如此敏感，他却能无微不至地照顾伊莎贝尔，对她怀有深厚的同伴情谊。
PLAYER/CROW/BIRTH,
PLAYER/CROW/BACKNUM,
PLAYER/CROW/MOTTO,活在当下。
SKILLNAME_RAUL,野兽扣杀
SKILLDES_RAUL,借助加速度可在空中打出强力的扣杀。
PLAYER/RAUL/CATCHPHRASE,“碾碎你们。”
PLAYER/RAUL/SIMPLE_DES,世界五大主攻手之一。以压倒性的力量碾压对手。他不仅力量惊人，控球能力也同样可怕，能毫不犹豫地将炮弹般的发球精准轰向边线。# 他曾创下五大联赛史上最高转会费，并不断刷新个人获奖纪录，一度成为全球球迷瞩目的焦点。他当时宣称要包揽五大联赛全部MVP，并为此转会与维克托竞争冠军。但因某起事件引发巨大骚动而受到处分，之后正在幻影联赛寻求复出机会。
PLAYER/RAUL/BIRTH,
PLAYER/RAUL/BACKNUM,
PLAYER/RAUL/MOTTO,与其被践踏，不如去践踏。
SKILLNAME_SIF,格拉迪乌斯之壁
SKILLDES_SIF,恢复30点体力，并暂时提升队友的防御力。#防御提升量会根据每位队友的攻击力而增加。
PLAYER/SIF/CATCHPHRASE,“希芙，地狱黑焰队的二传手。”
PLAYER/SIF/SIMPLE_DES,幻影联赛最强的二传手。若用三个词来定义她，那便是：冷静、沉着、完美主义。无论何时都能保持镇定，并为队伍提出解决方案，是队里坚实的顶梁柱。# # 然而，这只是她对外展现的一面…# # 她的本质是爱。外表所见的一切都不过是假面。能让她内心火热的唯有爱！今天她也依旧在勉强压抑着对拉乌尔满溢的爱慕与尊敬。虽然这份心意偶尔会不自觉地脱口而出…但她本人坚信至今从未被任何人发现。
PLAYER/SIF/BIRTH,
PLAYER/SIF/BACKNUM,
PLAYER/SIF/MOTTO,一切都是为了前辈！
SKILLNAME_CLAIRE,超驱动
SKILLDES_CLAIRE,每个回合结束时，超驱动计量条都会充能。#技能发动后，队伍的所有能力值会在一段时间内提升。#计量条积累得越多，能力值增幅和持续时间越长。
PLAYER/CLAIRE/CATCHPHRASE,“胜利，非我莫属。”
PLAYER/CLAIRE/SIMPLE_DES,他虽然傲慢到近乎无礼，却也是一位实力与之相称的天才副攻手。凭借着俘获人心的外貌和打法风格，他总是前呼后拥，粉丝成群。虽然他以糟糕的粉丝服务而闻名，但在他自己看来，已经是在尽最大努力，以最高的礼节来对待粉丝了。# 他的宿敌运差到了极点。过去被卢卡斯、现在被拉乌尔压制，一直停留在“幻影联赛万年老二”的位置上。由于无法成为MVP，他怒火中烧，转而开始猛烈地憎恨夺得MVP之位的这两人。特别是为了击败拉乌尔，他甚至将自己的位置改为了副攻手，并下定决心，这个赛季必夺MVP。
PLAYER/CLAIRE/BIRTH,
PLAYER/CLAIRE/BACKNUM,
PLAYER/CLAIRE/MOTTO,硕果仅生于沃土。
SKILLNAME_SARA_WS,台风
SKILLDES_SARA_WS,通过“阵风”技能起跳后，长按扣球按钮可短暂滞空，对方球场会快速显示击球点。 #松开扣球按钮后，便会朝该点击球。
PLAYER/SARA_WS/CATCHPHRASE,“后方交给我。”
PLAYER/SARA_WS/SIMPLE_DES,世界五大主攻手之一。为了能与时宇同场竞技而一直隐藏实力的她，终于展现出了真正的身手。平时温柔和蔼，但比赛一旦开始，就会展现出无人能敌的超凡实力，是个“外柔内刚”的少女。她在未成年时期便在以美洲为中心的全球职业排球联赛LOV（League One Volleyball）中出道，并从出道起就带领球队夺冠。此后，她接连斩获MVP，成为了最后一位被封为“五大主攻手”的球员。随着这位超级巨星的诞生，全世界都为之疯狂。
PLAYER/SARA_WS/BIRTH,
PLAYER/SARA_WS/BACKNUM,
PLAYER/SARA_WS/MOTTO,无论你多么用力扣球，也只有1分。
SKILLNAME_IRIS,帝国指令
SKILLDES_IRIS,特性激活时，场上的罗盘增加至3个。#罗盘以不同的速度旋转，但总会有指向对方球场方向并重合的时刻。
PLAYER/IRIS/CATCHPHRASE,“……今天也会被老板训斥吗……呵呵……”
PLAYER/IRIS/SIMPLE_DES,阿什维尔黄鼠狼队（Asheville Weasels）的队长。自世界五大主攻手之一的凯莉退役后，她接过了队长袖标并带领球队至今。虽然作为队长责任感很强，也迫切想要带好队伍，但由于天生性格腼腆，夹在管理层和球员之间总是备受煎熬。## 当然，如果你认为她只是单纯的温顺，那就大错特错了。阿什维尔黄鼠狼队的队长之位并非平庸之辈所能胜任，她同样是一位非常出色且极其挑剔的二传手。如果攻手跟不上她的传球，她就会不断重复传出同样的球，直到成功为止。“从现在起，我会再次传出同样的球。” 据说听到她那冰冷刺骨的声音时，就连身经百战的阿什维尔黄鼠狼队球员们也会感到脊背发凉。
PLAYER/IRIS/BIRTH,
PLAYER/IRIS/BACKNUM,
PLAYER/IRIS/MOTTO,优秀是伟大的敌人。
SKILLNAME_YURI,止痛药
SKILLDES_YURI,技能激活时，我方球员的速度、防守力、攻击力、跳跃力和重力提升。 #鱼跃起身速度也会加快。
PLAYER/YURI/CATCHPHRASE,“我只按自己的心意行动。”
PLAYER/YURI/SIMPLE_DES,黑狮队（Black Lions）的恶童。他完全不在意他人的目光，因此被评价为一个叛逆的家伙。由于有着想说的话必须说出口才痛快的性格，只要他接受采访，报纸上准会出现大篇幅的头条新闻。## 他的目标是成为“超越维克托的球员”。虽然目前还只是黑狮队的二线球员，但这对他来说一点都不重要。因为他坚信，这是报答将险些误入歧途的自己引向排球之路的维克托的唯一方法。根据“绝不欠人情”的个人信念，尤里今天也在为了超越自己的目标——维克托而努力训练中。
PLAYER/YURI/BIRTH,
PLAYER/YURI/BACKNUM,
PLAYER/YURI/MOTTO,当你弹错一个音符时，它是变好还是变坏，取决于你紧接着弹下的那个音。
SKILLNAME_HAEUN,
SKILLDES_HAEUN,
PLAYER/SHIN_HAEUN/CATCHPHRASE,“怎么样~ 这只企鹅不是很可爱吗？”
PLAYER/SHIN_HAEUN/SIMPLE_DES,智山高中排球部的副队长兼主力二传手。初中时期曾与多熙一起在排球部活动，自诩为多熙最好的朋友。然而，由于她越是关心对方就越想恶作剧的扭曲性格，多熙实际上正与她保持着一点距离。虽然有些以自我为中心，但本性并不坏，暗地里非常照顾多熙。她在排球部里也很有人望，几乎确定会成为下一任队长。喜欢的动物是企鹅。
PLAYER/SHIN_HAEUN/BIRTH,
PLAYER/SHIN_HAEUN/BACKNUM,
PLAYER/SHIN_HAEUN/MOTTO,今天也要快乐开心！
SKILLNAME_SAYA,鲷鱼烧
SKILLDES_SAYA,技能激活时，吃鲷鱼烧补充体力。#恢复队伍体力，并提升自身所有能力值。
PLAYER/YOO_SAYA/CATCHPHRASE,“我会努力的。只要能帮助大家。”
PLAYER/YOO_SAYA/SIMPLE_DES,大地高中排球部的主力副攻手。乍看起来冷淡又沉默寡言，但其实是比任何人都珍惜球队和朋友的重情义少女。偶尔也会若无其事地把奇怪的想法付诸行动，让周围的人不知所措。喜欢的食物是鲷鱼烧，喜欢的朋友是猫Boss。
PLAYER/YOO_SAYA/BIRTH,
PLAYER/YOO_SAYA/BACKNUM,
PLAYER/YOO_SAYA/MOTTO,千里之行，始于足下。
SKILLNAME_JIHOON,奇迹托球
SKILLDES_JIHOON,特性激活时，传出奇迹托球。#处于落后于对手球队的状态时，两队的分差越大，对此奇迹托球进行扣杀的球威力就越强。（最多叠加7分）
PLAYER/LEE_JIHOON/CATCHPHRASE,“没有人能阻止我！”
PLAYER/LEE_JIHOON/SIMPLE_DES,"大地高中排球部的主力二传手。凭借特有的亲和力，无论在哪里都担任着队伍气氛制造者的角色。小学时期，他跟随父亲前往美国，与体格比自己更大的选手们交手，培养出了强大的体力和精神力。即使面对强敌也毫不怯场，在队友们全都疲惫不堪时，仍能独自充满活力，成为队伍可靠的活力源泉。
兴趣是跑步。不过，他是个严重的路痴，动不动就偏离散步路线然后迷路。带狗散步时，经常会一路走到别的街区去。"
PLAYER/LEE_JIHOON/BIRTH,
PLAYER/LEE_JIHOON/BACKNUM,
PLAYER/LEE_JIHOON/MOTTO,哈库那马塔塔（一切都会好起来的）
LINE/LUCAS/SUMMERTRAINING_1,我就只有这点能耐？<wait=85>哈，
LINE/LUCAS/SUMMERTRAINING_2,怎么可能！
LINE/VIOLA/SUMMERTRAINING,输的人请吃冰淇淋，怎么样？
LINE/HANRA/SUMMERTRAINING,呵呵，看来要适应这般炎热，还得花上不少时间啊。
SKILLNAME_GITAE,威压
SKILLDES_GITAE,特性激活期间，完成拦网得分时，会使最后扣球的对方球员的主动特性失效。该球员会在一定时间内受到负面效果。
PLAYER/HAN_GITAE/CATCHPHRASE,“要是最强的选手，就该逆转这种比赛！”
PLAYER/HAN_GITAE/SIMPLE_DES,无论场上场下都拥有独特存在感的气氛担当，也是队伍的核心副攻手。#他的自信源于实力，胆识也十分过人。队伍越陷入危机，他反而越兴奋，带动全队士气高涨。他是简单直接的行动派，讨厌拐弯抹角，喜恶分明，却从不记仇。虽然第一眼看起来凶巴巴的，实际上十分随和，连初次见面的人也能毫不拘束地上前搭话。据说他还有与外表不同的体贴一面，比如默默轻拍垂头丧气的后辈的脑袋，若无其事地说上一句“走，吃饭去吧”，用这种方式关心对方。#他的目标是，世界最强！
PLAYER/HAN_GITAE/BIRTH,
PLAYER/HAN_GITAE/BACKNUM,
PLAYER/HAN_GITAE/MOTTO,简单就是最好
SKILLNAME_YUNA,全身扣球
SKILLDES_YUNA,根据球的位置，以各种姿势扣球。扣球轨迹会随该位置而变化。
PLAYER/SEO_YUNA/CATCHPHRASE,“有天赋不代表总会赢，没天赋也不代表总会输！”
PLAYER/SEO_YUNA/SIMPLE_DES,在艰苦环境中付出无数努力，最终入选国家队的努力型主攻手。#性格明朗天真，又十分随和，像队伍的吉祥物一样走到哪里都受人喜爱。为了克服先天身体条件的限制，她总是随身带着一本“训练笔记”。在赛场上，她展现出不服输的好胜心与执着，凭借出色的柔韧性，从任何角度都能将球击出。即使输掉比赛，她也会笑着说“没关系！”，保持开朗，但她的韧劲和倔强足以让她在夜里独自偷偷加练。虽然外表可爱，她却似乎很想让后辈们觉得自己是个可靠的前辈。
PLAYER/SEO_YUNA/BIRTH,
PLAYER/SEO_YUNA/BACKNUM,
PLAYER/SEO_YUNA/MOTTO,只要不停下脚步，走得多慢都不重要。
SKILLNAME_SEJIN,转祸为福
SKILLDES_SEJIN,特性激活时，解除队友不高于指定等级的负面效果。
PLAYER/KANG_SEJIN/CATCHPHRASE,“我想成为的，不是装酷，而是真正帅气的选手……”
PLAYER/KANG_SEJIN/SIMPLE_DES,努力塑造完美又冷酷形象的二传手，但只要收到真心的赞美或善意，就会立刻绷不住表情，连耳朵都红起来。为了给别人留下好印象，他从穿搭到游戏昵称都费心追求“帅气”，实际上却是个连恐怖片都不敢看、青椒都不肯吃的冒失鬼。熟悉之前会让人觉得有距离感，但一旦对某人敞开心扉，就会毫无顾忌地亲近对方；当队伍陷入危机时，他又能比任何人都冷静地组织比赛。
PLAYER/KANG_SEJIN/BIRTH,
PLAYER/KANG_SEJIN/BACKNUM,
PLAYER/KANG_SEJIN/MOTTO,赞美能让鲸鱼也跳起舞来。
