KEY,태국어(th)
NAME/TEAM_TERRA,มัธยมแดจี
NAME/TEAM_DUIL,มัธยมดูอิล
NAME/TEAM_JAGANG,มัธยมมโนจิต
NAME/TEAM_JISAN,มัธยมจีซัน
NAME/TEAM_GWANGTAN,มัธยมกวังทัน
NAME/TEAM_MINJAE,มัธยมมินแจ
NAME/TEAM_MUSCLE,มัธยมเพาะกาย
NAME/TEAM_SAND_SURFERS,แซนด์เซิร์ฟเฟอร์
NAME/TEAM_SKY,มัธยมนภากาศ
NAME/TEAM_SUN_RECEIVERS,ซันรีซีฟเวอร์
NAME/TEAM_SUN_VOLLEYBALL_BACKUP,กลุ่มวอลเลย์บอลดวงตะวัน (ตัวสำรอง)
NAME/TEAM_PALM_SPIKES,ปาล์มสไปคส์
NAME/TEAM_SUN_VOLLEYBALL,กลุ่มวอลเลย์บอลดวงตะวัน
NAME/TEAM_GIANT,มัธยมยักษา
NAME/TEAM_CHEONGNI,มัธยมชองนี
NAME/TEAM_JANG_HOWON,มัธยมชางโฮวอน
NAME/TEAM_HANGWOON,มัธยมฮังอุน
NAME/TEAM_DONGPAE,มัธยมดงแพ
NAME/TEAM_CHEMISTRY,มัธยมเคมีวิทยา
NAME/TEAM_BUNDANG,มัธยมบุนดัง
NAME/TEAM_CHOJI,มัธยมโชจี
NAME/TEAM_TEMPEST,มัธยมไต้ฝุ่น
NAME/TEAM_STARLIGHT,มัธยมดวงดารา
NAME/TEAM_ARTISTRY_OB,ศิษย์เก่ามัธยมศิลปะ
NAME/TEAM_FAIRY,มัธยมแฟร์รี่
NAME/TEAM_KING_BEE,มัธยมตัวต่อ
NAME/TEAM_HANBIT,มัธยมฮันบิต
NAME/TEAM_FLIGHT,มัธยมโบยบิน
NAME/TEAM_SWIFT,มัธยมลมกรด
NAME/TEAM_YELLOW_PANTHER,เยลโลว์แพนเตอร์
NAME/TEAM_VALENTIA_SPIKE,วาเลนเทียสไปคส์
NAME/TEAM_TUTORIAL,โหมดฝึกสอน
NAME/TEAM_IRON_WALL,มัธยมกำแพงเหล็ก
NAME/TEAM_VIOLET_FIORE,ไวโอเล็ตฟิโอเร
NAME/TEAM_YELLOW_SPEAR,เยลโลว์สเปียร์
NAME/TEAM_RED_SCUDO,เรดสคูโด้
NAME/TEAM_GREEN_LEON,กรีนเลออน
NAME/TEAM_BLUE_LANCIA,บลูแลนเซีย
NAME/TEAM_ALL_STAR,ออลสตาร์
NAME/TEAM_DIAMOND_SWIFT,มัธยมลมกรดไดมอนด์
NAME/TEAM_DIAMOND_STARLIGHT,มัธยมดวงดาราไดมอนด์
NAME/TEAM_DIAMOND_KING_BEE,มัธยมตัวต่อไดมอนด์
NAME/TEAM_DIAMOND_CHEONGNI,มัธยมชองนีไดมอนด์
NAME/TEAM_DIAMOND_TEMPEST,มัธยมไต้ฝุ่นไดมอนด์
NAME/TEAM_DIAMOND_FLIGHT,มัธยมโบยบินไดมอนด์
NAME/TEAM_BLUE_FRUSTA,บลูฟรัสต้า
NAME/TEAM_RED_BASTONE,เรดบาสโตน
NAME/TEAM_BLUE_BELL,บลูเบล
NAME/TEAM_NONAME,โนเนม
NAME/TEAM_ARMATURA,อาร์มาทูร่า
NAME/TEAM_YELLOW_PISTOL,เยลโลว์พิสโทรล
NAME/TEAM_RED_SPADA,เรดสปาร์ดา
NAME/TEAM_BLUE_SKY_VOLLEYBALL,กลุ่มวอลเลย์บอลเวหาสีคราม
NAME/TEAM_YELLOW_CANNON,เยลโลว์แคนนอน
NAME/TEAM_MASTER_SUN_VOLLEYBALL,กลุ่มวอลเลย์บอลดวงตะวันมาสเตอร์
NAME/TEAM_MASTER_COLOSSEUM,โคลอสเซียมมาสเตอร์
NAME/TEAM_SEONRIM,มัธยมซอนริม
NAME/TEAM_MIKE_DAVE,ไมค์กับเดฟ
NAME/TEAM_ROCKWELL,ร็อกเวล
NAME/TEAM_DAVE_AND_HIS_FRIENDS,เดฟและพรรคพวก
NAME/TEAM_UNIVERSITY,ทีมเด็กมหาลัย
NAME/TEAM_SEOMYUNG,โรงเรียนมัธยมซอมยอง
NAME/TEAM_PARALLEL_UNIVERSE,ทีมจากโลกคู่ขนาน
NAME/TEAM_AMARETTI_SPIKES,อามาเร็ตติ สไปค์
NAME/TEAM_CANNOLI_TIGERS,แคนโนลี ไทเกอร์
NAME/TEAM_BLACK_TIRAMISU,แบล็กทีรามิสุ
NAME/TEAM_BISCOTTI_BLOCKERS,บิสคอตติ บล็อกเกอร์
NAME/TEAM_TORRONE_TITANS,ทอร์โรเน่ ไททัน
NAME/TEAM_PIZZELLE_SWIFTS,พิซเซลเล สวิฟต์
NAME/TEAM_INFERNO_NERO,อินเฟอร์โน เนโร
NAME/TEAM_TEMPESTA_ROSA,เทมเปสตา โรซา
NAME/TEAM_ISABELS_MAKESHIFT,ทีมอิซาเบลเฉพาะกิจ
NAME/TEAM_BEAUTIFUL_GLASS,บิวตี้ฟูล กลาส
NAME/TEAM_MUSHROOM_COFFEE,เห็ดผสมกาแฟ
NAME/TEAM_GORGEOUS_WINE,กอร์เจียส ไวน์
NAME/TEAM_FRESH_HERB,เฟรชเฮิร์บ
NAME/TEAM_AYEONS_MAKESHIFT,ทีมอายอนเฉพาะกิจ
NAME/TEAM_SILVER_STAR,ดาวสีเงิน
NAME/TEAM_SUN_SPARK,ประกายแสงอาทิตย์
NAME/TEAM_PRACTICE,ทีมฝึกซ้อม
NAME/TEAM_GREEN_PRIDE,กรีนไพรด์
NAME/TEAM_BLUE_CHARIOT,บลูชาริออต
NAME/TEAM_RED_RAMPART,เรดแรมพาร์ต
NAME/TEAM_YELLOW_BARRAGE,เยลโล่บาราจ
NAME/TEAM_ARCOBALENO,อาร์โคบาเลโน
NAME/TEAM_SILVER_BELL,ซิลเวอร์เบลล์
NAME/TEAM_NN,ทีม NN
NAME/TEAM_JENNY,ทีมเจนนี่
NAME/TEAM_STRAWBERRY_CHOCO_MILK,นมสตรอว์เบอร์รีช็อกโกแลต
NAME/TEAM_BEAUTY_THE_BEAST,โฉมงามกับเจ้าชายอสูร
NAME/TEAM_COTTON_FLOWER,ดอกฝ้าย
NAME/TEAM_UNDERDOG,ทีมรองบ่อน
NAME/TEAM_WILD_COLOSSEUM,โคลอสเซียมไวลด์
NAME/TEAM_BEAUTY_THE_BEASTS,สาวงามและอสูร
NAME/TEAM_YOONSEOKS_DREAM,ความฝันของยุนซอก
NAME/TEAM_MINUS_TRIO,ไมนัสทรีโอ
NAME/TEAM_DOUBLE_QUEEN,ดับเบิลควีน
NAME/TEAM_DOUBLE_QUICK,ดับเบิลควิก
NAME/TEAM_DOPAMINE,โดพามีน
NAME/TEAM_BLUE_SPEARS,บลูสเปียร์ส
NAME/TEAM_ETERNAL_STARS,อีเทอร์นัลสตาร์ส
NAME/TEAM_PHANTOM_WAVES,แฟนทัมเวฟส์
NAME/TEAM_PHANTOM_JUNIOR,แฟนทอม จูเนียร์
NAME/TEAM_ELEGANCE,ทีมเอลเลแกนซ์
NAME/TEAM_PROTEZIONE,ทีมโปรเตซิโอเน
NAME/TEAM_BLUE_DRAGON_FESTIVAL,เทศกาลมังกรฟ้า
NAME/TEAM_TINY_CACTUS,ไทนี่ แคคตัส
NAME/TEAM_MYSTERIOUS,ทีมปริศนา
NAME/TEAM_GREEN_HUNTERS,กรีน ฮันเตอร์
NAME/TEAM_BLUE_WHALES,บลูเวล
NAME/TEAM_BLACK_BEARS,แบล็กแบร์
NAME/TEAM_BLACK_LIONS_RESERVES,ทีมสำรองแบล็คไลออนส์
NAME/TEAM_ASHEVILLE_WEASELS,แอชวิลล์ วีเซิลส์
NAME/TEAM_BUNDANG_OB,ศิษย์เก่ามัธยมบุนดัง
NAME/TEAM_COLOSSEUM,ทีมโคลอสเซียม
NAME/TEAM_PHANTOMS,แฟนทอมส์
NAME/TEAM_PHANTOMS_GANG,แก๊งแฟนทอมส์
NAME/TEAM_BOUNTY_HUNTERS,นักล่าค่าหัว
NAME/TEAM_OUTLAWS,คนนอกกฎหมาย
NAME/TEAM_CORAL_RUBY,คอรัล รูบี้
NAME/TEAM_VIOLET_SAPPHIRE,ไวโอเล็ต แซฟไฟร์
NAME/TEAM_PRACTICE_OPPONENT,คู่ซ้อม
NAME/TEAM_SPECIAL_EXPERIMENT,การทดลองพิเศษ
NAME/TEAM_LOCK_AND_BLOOM,Lock & Bloom
NAME/FIRE_OF_DETERMINATION,ไฟแห่งเจตจำนง
NAME/SUN_AND_DARK,ตะวันกับรัตติกาล
NAME/TEAM_UNLUCKY_LUCKY,โชคร้าย-โชคดี
NAME/TEAM_NEW_HAEUN,ฮาอึนใหม่
NAME/TEAM_WESTERN,เวสเทิร์น
NAME/TEAM_RAFFLESIA,ราฟเฟลเซีย
NAME/TEAM_OCEAN_PARTY,ปาร์ตี้มหาสมุทร
NAME/TEAM_QUICK_ARENA,ควิกอารีนา
NAME/TEAM_NATIONAL_STUDENTS_1,ทีมฝึกซ้อม U21 - A
NAME/TEAM_NATIONAL_STUDENTS_2,ทีมฝึกซ้อม U21 - B
NAME/TEAM_NATIONAL_STUDENTS_3,ทีมฝึกซ้อม U21 - ออลสตาร์
NAME/TEAM_NATIONAL_STUDENTS_4,ทีมฝึกซ้อม U21 - C
NAME/TEAM_NATIONAL_STUDENTS_5,ทีมฝึกซ้อม U21 - D
NAME/TEAM_NATIONAL_STUDENTS_6,ทีมฝึกซ้อม U21 - E
NAME/TEAM_NATIONAL_STUDENTS_7,ทีมฝึกซ้อม U21 - F
NAME/ELITE_MATCH_MON,ออลสตาร์
NAME/ELITE_MATCH_TUE,เหล็กกล้าสีน้ำเงิน
NAME/ELITE_MATCH_WED,วาเลนเทียสไปคส์
NAME/ELITE_MATCH_THU,ซิลฟิด เคส
NAME/ELITE_MATCH_FRI,แอชวิลล์ วีเซิลส์
NAME/ELITE_MATCH_SAT,โลหะอ่อน
NAME/ELITE_MATCH_SUN,เทมเปสตา โรซา
