KEY,스페인어(es)
ABILITY/ADRENALINE/TITLE,Adrenalina
ABILITY/ADRENALINE/DES,"Cada vez que un jugador de tu equipo elimina {CONDITION}, el {STRENGTH} adicional de {FEVER_MODE} aumenta en <buff_amount>. Se reinicia al terminar {FEVER_MODE}."
ABILITY/ARTISTIC_DEFENSE/TITLE,Defensa Artística
ABILITY/ARTISTIC_DEFENSE/DES,"Al detener un ataque con {SLIDING}, el daño recibido se reduce temporalmente en <decrease_percent>."
ABILITY/ATTACK_CHANCE/TITLE,Oportunidad de Ataque
ABILITY/ATTACK_CHANCE/DES,"Durante una situación de {FREE_BALL}, todos los atributos aumentan temporalmente en <buff_amount>."
ABILITY/BULK_UP/TITLE,Fortalecimiento
ABILITY/BULK_UP/DES,"Después de detener un ataque con {RECEIVE} o {BLOCKING}, {HEIGHT} aumenta en <height_amount>."
ABILITY/BUNDANG_QUICK/TITLE,Ataque Rápido de Bundang
ABILITY/BUNDANG_QUICK/DES,"Cuando el conteo de toques de tu equipo es 1, usar {COMMON/WORD/SPIKE_JUMP} aumenta {BALL_POWER} en <increase_percent> hasta aterrizar."
ABILITY/BURNING_UP/TITLE,Combustión
ABILITY/BURNING_UP/DES,"Al entrar en {FEVER_MODE}, elimina {CONDITION} y entra en estado {ANGRY} durante <condition_time>."
ABILITY/CAT_THERAPY/TITLE,Terapia de Gatos
ABILITY/CAT_THERAPY/DES,"Durante {FEVER_MODE}, al entrar en estado {SAD}, elimina {CONDITION} de los aliados y los pone en estado {FOCUS} durante <condition_time>."
ABILITY/BERSERK_ATTACK/TITLE,Ataque Berserk
ABILITY/BERSERK_ATTACK/DES,"Cuando {STAMINA} es menor que la del equipo rival, {STRENGTH} aumenta hasta <buff_amount> según la diferencia."
ABILITY/BERSERK_BOOST/TITLE,Impulso Berserk
ABILITY/BERSERK_BOOST/DES,"Cuando {STAMINA} está a la mitad o menos, usar {SPIKE} otorga <fever_count> {FEVER_POINT}."
ABILITY/BERSERK_DRAIN/TITLE,Drenaje Berserk
ABILITY/BERSERK_DRAIN/DES,"Cuando {STAMINA} está a la mitad o menos, recupera {STAMINA} igual al <effect_percent> del daño infligido con {SPIKE}."
ABILITY/CONCENTRATION/TITLE,Concentración
ABILITY/CONCENTRATION/DES,"Cada vez que tu equipo pierde un punto, {STRENGTH} y {DEFENSE} aumentan en <buff_amount>. Se reinicia cuando tu equipo anota."
ABILITY/CONDITION_BOOST/TITLE,Impulso de Condición
ABILITY/CONDITION_BOOST/DES,"Al eliminar {CONDITION}, otorga <fever_count> {FEVER_POINT}."
ABILITY/CRITICAL_BOOST/TITLE,Impulso Crítico
ABILITY/CRITICAL_BOOST/DES,"Al atacar a un rival en estado {SAD}, otorga <fever_count> {FEVER_POINT}."
ABILITY/DAVID_AND_GOLIATH/TITLE,David y Goliat
ABILITY/DAVID_AND_GOLIATH/DES,{STRENGTH} y {DEFENSE} aumentan en un <effect_percent> de la diferencia de {HEIGHT} con un rival de la misma {COMMON/POSITION} (máx. 30 cm).
ABILITY/SUPER_DIRECT/TITLE,Ataque Directo
ABILITY/SUPER_DIRECT/DES,"Al devolver un {BALL} del equipo rival con {SPIKE}, {BALL_POWER} aumenta temporalmente en <increase_percent>."
ABILITY/DRAGON_STYLE/TITLE,Estilo del Dragón Azul
ABILITY/DRAGON_STYLE/DES,"Al usar {SPIKE} desde {DATEN} de 3.3 m o menos, {BALL_POWER} aumenta temporalmente en <increase_percent>."
ABILITY/ETERNAL_FEVER/TITLE,Fiebre Eterna
ABILITY/ETERNAL_FEVER/DES,"Durante {FEVER_MODE}, obtener {FEVER_POINT} extiende la {COMMON/SKILL/DURATION} de {FEVER_MODE} con una eficiencia de <effect_percent>."
ABILITY/GLADIUS/TITLE,Gladius
ABILITY/GLADIUS/DES,"En estado {ANGRY}, si es una situación de {FREE_BALL}, convierte un <effect_percent> de {DEFENSE} en {STRENGTH}."
ABILITY/GRACE_OF_THE_SKY/TITLE,Gracia del Cielo
ABILITY/GRACE_OF_THE_SKY/DES,"En estado {ANGRY}, usar {SERVE} activa {SERVE_SKY} y otorga <fever_count> {FEVER_POINT}."
ABILITY/HEART_BREAKER/TITLE,Rompecorazones
ABILITY/HEART_BREAKER/DES,{STRENGTH} aumenta en <buff_amount> por cada jugador rival en estado {SAD} o {CARELESS}.
ABILITY/HEAT_SINK/TITLE,Disipador de Calor
ABILITY/HEAT_SINK/DES,"Cada vez que entras en {FEVER_MODE}, {DEFENSE} aumenta en <buff_amount>."
ABILITY/INFERNO_BEAST/TITLE,Bestia Infernal
ABILITY/INFERNO_BEAST/DES,"{STRENGTH} y {SPEED} aumentan en <buff_amount>, y la velocidad de movimiento en el aire se duplica."
ABILITY/IRON_WALL/TITLE,Muro de Hierro
ABILITY/IRON_WALL/DES,"Al detener un ataque con {BLOCKING}, si {HEIGHT} es mayor que la del rival atacante, hay un <proc_percent> de probabilidad de activar {BLOCK_KILL}."
ABILITY/LEON_HEART_ARENA/TITLE,Corazón de Leon
ABILITY/LEON_HEART_ARENA/DES,"Al usar {COMMON/WORD/SPIKE_JUMP} cerca de {LINE_END}, {BALL_POWER} aumenta en <increase_percent> hasta aterrizar."
ABILITY/LIMIT_BREAK_ARENA/TITLE,Ruptura de límite
ABILITY/LIMIT_BREAK_ARENA/DES,"Al usar {COMMON/WORD/SPIKE_JUMP}, consume la mitad de la {STAMINA} restante y aumenta {STRENGTH} y {DEFENSE} en <buff_amount>. Se reinicia al terminar el {RALLY}."
ABILITY/LUCKY_RECEIVE_ARENA/TITLE,Recepción Afortunada
ABILITY/LUCKY_RECEIVE_ARENA/DES,"Al usar {RECEIVE}, tiene un <proc_percent> de probabilidad de convertirse en {COMMON/WORD/PERFECT_RECEIVE}."
ABILITY/OVERCLOCK/TITLE,Overclock
ABILITY/OVERCLOCK/DES,"En estado {ANGRY}, el {COMMON/SKILL/COOLDOWN} de {ACTIVE_SKILL} se reduce un <effect_percent> más rápido."
ABILITY/POWER_REBOUND/TITLE,Rebote Poderoso
ABILITY/POWER_REBOUND/DES,"Al atacar al rival sin pasar por {TOSS}, el {BALL} tiene un <proc_percent> de probabilidad de rebotar de vuelta."
ABILITY/QUICK_RECHARGE/TITLE,Recarga Rápida
ABILITY/QUICK_RECHARGE/DES,"El alcance defensivo de {SLIDING} aumenta en <increase_percent>, y la velocidad para levantarse aumenta."
ABILITY/SENSITIVE_HEART/TITLE,Corazón Sensible
ABILITY/SENSITIVE_HEART/DES,La {STRENGTH} adicional y la {COMMON/SKILL/DURATION} del estado {FOCUS} aumentan en <increase_percent>.
ABILITY/BURNING_HEART/TITLE,Corazón Ardiente
ABILITY/BURNING_HEART/DES,La {STRENGTH} adicional y la {COMMON/SKILL/DURATION} del estado {ANGRY} aumentan en <increase_percent>.
ABILITY/SENSITIVE_LINK/TITLE,Enlace Sensible
ABILITY/SENSITIVE_LINK/DES,"Al realizar {COMMON/WORD/PERFECT_RECEIVE}, pone a los demás compañeros en estado {FOCUS} durante <condition_time>."
ABILITY/SPOTLIGHT/TITLE,Spotlight
ABILITY/SPOTLIGHT/DES,"Cuando un compañero usa {ACTIVE_SKILL}, el siguiente {TOSS} tiene un <proc_percent> de probabilidad de convertirse en {SKILL/SPOTLIGHT_TOSS/TITLE}."
ABILITY/STABLE_ATTACK/TITLE,Ataque Estable
ABILITY/STABLE_ATTACK/DES,"Cuando {STAMINA} es mayor que la del equipo rival, {STRENGTH} aumenta hasta <buff_amount> según la diferencia."
ABILITY/STABLE_BOOST/TITLE,Impulso Estable
ABILITY/STABLE_BOOST/DES,"Cuando {STAMINA} está a la mitad o más, usar {SPIKE} otorga <fever_count> {FEVER_POINT}."
ABILITY/STAGE_DOMINANCE/TITLE,Dominio del Escenario
ABILITY/STAGE_DOMINANCE/DES,"Al inicio de un {RALLY}, marca una zona brillante en la {COURT}. Saltar sobre esa zona aumenta temporalmente {STRENGTH} y {JUMP} en <buff_amount>."
ABILITY/SUN_SPARK/TITLE,Chispa del Sol
ABILITY/SUN_SPARK/DES,"Cuando no está en estado {SAD}, {STRENGTH} y {DEFENSE} aumentan en <buff_amount>. Entra en estado {SAD} al terminar el {RALLY}."
ABILITY/SUPER_SAVE/TITLE,Súper Salvada
ABILITY/SUPER_SAVE/DES,"Después de detener un ataque con {SLIDING}, entra en estado {ANGRY} durante <condition_time>. Si {STAMINA} está a la mitad o más, entra en {FOCUS} en su lugar."
ABILITY/THUNDER_SPIKE_ARENA/TITLE,Remate trueno
ABILITY/THUNDER_SPIKE_ARENA/DES,"Al usar {SPIKE} desde {DATEN} de 4 m o más, {BALL_POWER} aumenta temporalmente en <increase_percent>."
ABILITY/TIGER_STYLE/TITLE,Estilo del Tigre Blanco
ABILITY/TIGER_STYLE/DES,"Al atacar a un rival en estado {SAD}, el siguiente jugador rival que toque el {BALL} entra en estado {SAD} durante <condition_time>."
ABILITY/TORTOISE_STYLE/TITLE,Estilo de la Tortuga Negra
ABILITY/TORTOISE_STYLE/DES,"Al entrar en estado {FOCUS} o {ANGRY}, pone a un rival de la misma {COMMON/POSITION} en estado {SAD} durante <condition_time>."
ABILITY/TOUGH_ARMOR/TITLE,Armadura Resistente
ABILITY/TOUGH_ARMOR/DES,"Después de detener un ataque con {BLOCKING}, todas las {STATUS} aumentan temporalmente en <buff_amount>."
ABILITY/TRACE/TITLE,Rastro
ABILITY/TRACE/DES,"Al terminar el {RALLY}, si no tienes {ACTIVE_SKILL} ni {TOGGLE_SKILL}, hay un <proc_percent> de probabilidad de copiar la {ACTIVE_SKILL} de un compañero para un uso."
ABILITY/UNDERDOG/TITLE,No favorito
ABILITY/UNDERDOG/DES,"Por cada compañero de grado S-, la {BALL_POWER} de {SPIKE} aumenta en <increase_percent>."
ABILITY/VERMILLION_STYLE/TITLE,Estilo del Fénix Rojo
ABILITY/VERMILLION_STYLE/DES,"Cuando un jugador rival de la misma {COMMON/POSITION} entra en estado {SAD} o {CARELESS}, entras en estado {ANGRY} durante <condition_time>."
ABILITY/VIOLET_BLOSSOM/TITLE,Flor Violeta
ABILITY/VIOLET_BLOSSOM/DES,"{DEFENSE} y {SPEED} aumentan en <buff_amount>. Si tienes {CONDITION}, usar {TOSS} elimina {CONDITION} y activa {FREE_BALL}."
ABILITY/YOONSEOK_DREAM/TITLE,El sueño de Yunseok
ABILITY/YOONSEOK_DREAM/DES,"Al terminar el {RALLY}, el {STRENGTH} de todos los jugadores aumenta en <buff_amount>. El efecto se duplica para {SKILL/YOONSEOK/TITLE}."
ABILITY/PERFECT_PARRY/TITLE,Parada Perfecta
ABILITY/PERFECT_PARRY/DES,"Al realizar {COMMON/WORD/PERFECT_RECEIVE}, si {STAMINA} es menor que la del equipo rival, intercambia la {STAMINA} de ambos equipos y otorga <fever_count> {FEVER_POINT}."
ABILITY/CURE_RECEIVE_ARENA/TITLE,Curación de Recepción
ABILITY/CURE_RECEIVE_ARENA/DES,"Al realizar {COMMON/WORD/PERFECT_RECEIVE}, recupera <heal_amount> de {STAMINA}."
ABILITY/GREATEST_SHOWMAN/TITLE,El mejor espectáculo
ABILITY/GREATEST_SHOWMAN/DES,"Cuando no está en {FEVER_MODE}, usar 4 veces la {ACTIVE_SKILL} de un compañero recupera <heal_amount> de {STAMINA} y entra en {FEVER_MODE}."
ABILITY/FEVER_ATTACK/TITLE,Ataque Fiebre
ABILITY/FEVER_ATTACK/DES,"Durante {FEVER_MODE}, {STRENGTH} aumenta hasta <buff_amount> según la {COMMON/SKILL/DURATION} restante de {FEVER_MODE}."
ABILITY/DREAM_WALKER/TITLE,Caminante de Sueños
ABILITY/DREAM_WALKER/DES,"Por cada {INGAME/CHANGE_PLAYER}, {STRENGTH} y {DEFENSE} aumentan en <buff_amount>."
ABILITY/RIP_CURRENT_ARENA/TITLE,Corriente de resaca
ABILITY/RIP_CURRENT_ARENA/DES,"{STRENGTH} y {DEFENSE} aumentan en <buff_amount>, pero la velocidad de movimiento en el aire se reduce a la mitad."
ABILITY/FORTIFY/TITLE,Fortificar
ABILITY/FORTIFY/DES,"Cuando {DEFENSE} es mayor que 200 o {HEIGHT} es de al menos 200 cm, la velocidad de carga de {BLOCKING}, el alcance defensivo de {RECEIVE} y el alcance defensivo de {SLIDING} aumentan en <increase_percent>."
ABILITY/SUPER_SLIDING/TITLE,Súper Plancha
ABILITY/SUPER_SLIDING/DES,"Al detener un ataque con {SLIDING}, tiene un <proc_percent> de probabilidad de no recibir daño. (Una vez por {RALLY})"
ABILITY/LUCID_DREAM/TITLE,Sueño Lúcido
ABILITY/LUCID_DREAM/DES,"Si {INGAME/CHANGE_PLAYER} se ha usado 6 veces o más, otorga <fever_count> {FEVER_POINT} al comenzar el {MATCH}."
ABILITY/RESILIENCE/TITLE,Resiliencia
ABILITY/RESILIENCE/DES,"Al eliminar {CONDITION}, recupera <heal_amount> de {STAMINA}."
ABILITY/GLASS_CANNON/TITLE,Cañón de Cristal
ABILITY/GLASS_CANNON/DES,{STRENGTH} aumenta en <buff_amount>. {STAMINA} no puede superar la mitad.
ABILITY/DEJAVU/TITLE,Déjà Vu
ABILITY/DEJAVU/DES,"Si {INGAME/CHANGE_PLAYER} se ha usado 6 veces o más, el {COMMON/SKILL/COOLDOWN} de {ACTIVE_SKILL} se reduce un <effect_percent> más rápido."
ABILITY/LITTLE_GIANT/TITLE,Pequeño Gigante
ABILITY/LITTLE_GIANT/DES,"Cuando la {HEIGHT} original es la más baja entre todos los {PLAYER}, la {BALL_POWER} de {SPIKE} aumenta en <increase_percent>."
ABILITY/HOT_STREAK/TITLE,Buena Racha
ABILITY/HOT_STREAK/DES,"En estado {ANGRY}, si otro {DREAM_SHARD} probabilístico no se activa, tiene un <proc_percent> de probabilidad de activarlo a la fuerza."
ABILITY/IGNITION/TITLE,Ignición
ABILITY/IGNITION/DES,"Cuando otro jugador de tu equipo usa {ACTIVE_SKILL}, entra en estado {ANGRY} durante <condition_time>."
ABILITY/LUCKY_PUNCH/TITLE,Golpe de Suerte
ABILITY/LUCKY_PUNCH/DES,"Cada vez que un {DREAM_SHARD} probabilístico de un jugador de tu equipo se activa con éxito, {STRENGTH} aumenta en <buff_amount>. Se reinicia después de usar {SPIKE}."
ABILITY/RECKLESS/TITLE,Temerario
ABILITY/RECKLESS/DES,"{STRENGTH} aumenta en <buff_amount>. Al usar {SERVE}, no usa {SERVE_FLOATER} ni {SERVE_BASIC}."
ABILITY/ENCORE/TITLE,Bis
ABILITY/ENCORE/DES,"Al usar {ACTIVE_SKILL}, si el mismo {SKILL} ya se ha usado en este {RALLY}, restaura por completo la {STAMINA} y obtiene <fever_count> {FEVER_POINT}."
