KEY,한국어(ko)
선수 특성,
SKILL/SKILL_DURATION,{COMMON/SKILL/DURATION} : [DOL.SKILL_TIME.DURATION_TIME]
SKILL/SKILL_TIME,"{COMMON/SKILL/DURATION} : [DOL.SKILL_TIME.DURATION_TIME], {COMMON/SKILL/COOLDOWN} : [DOL.SKILL_TIME.DELAY_TIME]"
SKILL/MAX_NOTEN,최고 {DATEN} : [DOL.MAX_NOTEN]
SKILL/BLINK_BALL_BLACK_THUNDER/TITLE,검은 번개 잔상
SKILL/BLINK_BALL_BLACK_THUNDER/DES,{@TOSS_SERVE} 시 {BALL}의 {TRAIL} 색이 달라진다.
SKILL/BLINK_BALL_BLACK_THUNDER/DOLPA,
SKILL/BLINK_BALL_RAINBOW/TITLE,무지개 잔상
SKILL/BLINK_BALL_RAINBOW/DES,{@TOSS_SERVE} 시 {BALL}의 {TRAIL} 색이 달라진다.
SKILL/BLINK_BALL_RAINBOW/DOLPA,
SKILL/BLINK_BALL_THUNDER/TITLE,찌릿찌릿 잔상
SKILL/BLINK_BALL_THUNDER/DES,{@TOSS_SERVE} 시 {BALL}의 {TRAIL} 색이 달라진다.
SKILL/BLINK_BALL_THUNDER/DOLPA,
SKILL/HIGH_VERTICAL_SERVE_TOSS/TITLE,높은 서브 토스
SKILL/HIGH_VERTICAL_SERVE_TOSS/DES,수직에 가까운 {@TOSS_SERVE}를 높게 올린다.
SKILL/HIGH_VERTICAL_SERVE_TOSS/DOLPA,
SKILL/OASIS_SERVE_TOSS/TITLE,오아시스 서브 토스
SKILL/OASIS_SERVE_TOSS/DES,태양 연출과 함께 {@TOSS_SERVE}를 올린다.
SKILL/OASIS_SERVE_TOSS/DOLPA,
SKILL/YONGSUB_SERVE_TOSS/TITLE,이영섭 서브 토스
SKILL/YONGSUB_SERVE_TOSS/DES,{@TOSS_SERVE}를 더 높게 올린다.
SKILL/YONGSUB_SERVE_TOSS/DOLPA,
SKILL/ABSOLUTE_BLOCK/TITLE,절대 방어
SKILL/ABSOLUTE_BLOCK/DES,{SKILL}이 {ACTIVATE}된 동안 {@BLOCKING}에 닿는 {ATTACK}에 대해 항상 {@BLOCK_KILL}을 발동시킨다.
SKILL/ABSOLUTE_BLOCK/DOLPA,
SKILL/ARMOR/TITLE,갑옷
SKILL/ARMOR/DES,"{@BLOCKING}의 {ACCURACY}에 따라 {GAUGE}를 {CHARGE}한다. {CHARGE}된 {GAUGE}에 따라 {STRENGTH}, {SPEED}, {JUMP}이 증가한다. #{BLOCKING} {ACCURACY}가 낮아도 {@BLOCK_SOFT}을 보장한다."
SKILL/ARMOR/DOLPA_DES,"각 {BLOCKING}의 {GAUGE} 최대 {CHARGE}량 : [CALC.MAX_CHARGED, PER]"
SKILL/ARMOR/SLIDER_DES,"{STATUS} : {STRENGTH} +[CALC.STRENGTH], {SPEED} +[CALC.SPEED], {JUMP} +[CALC.JUMP]"
SKILL/HEALING_TOSS/TITLE,큐어 토스
SKILL/HEALING_TOSS/DES,"{@TOSS} 시, [VAL.PROBABILITY, PER]의 확률로 {TEAM}의 {STAMINA}를 회복한다. #\[{ELITE_RULE}\] {RULE/INDIVIDUAL_STAMINA}가 가장 낮은 {PLAYER_TEAM_ALLY}의 {STAMINA} 회복"
SKILL/HEALING_TOSS/DOLPA_DES,{STAMINA} 회복량 : [CALC.STAMINA]
SKILL/BLITZ_SPIN/TITLE,블릿츠 스핀
SKILL/BLITZ_SPIN/DES,{@SPIKE}한 {BALL}의 {@BALL_POWER_VERTICAL}과 {@BALL_SPIN}이 증가하며 {TRAJECTORY}가 꺾인다.
SKILL/BLITZ_SPIN/DOLPA_DES,"{BALL_POWER_VERTICAL} : +[CALC.BALL_SPEED_VERTICAL], {BALL_SPIN} : +[CALC.BALL_SPIN]"
SKILL/BLUE_DRAGON/TITLE,청룡
SKILL/BLUE_DRAGON/DES,"{ON_GROUND}에 있는 동안 {GAUGE}를 {CHARGE}한다. {MID_AIR} 상태에서 {BUTTON_SPIKE} {HOLD} 시 {GAUGE}를 소모하여 {ENERGY}를 모을 수 있다. #{ENERGY}를 모을수록 {BALL}의 {@BALL_POWER}과 {@BALL_SPIN}이 증가한다. {ENERGY}를 최대로 모아 {SPIKE} 시 {@SLIDING_KILLER_EFFECT}를 가진다. 단, 최대치를 초과해 {ENERGY}를 모을 경우 {BALL}을 멀리 날려버린다."
SKILL/BLUE_DRAGON/DOLPA_DES,"{GAUGE} {CHARGE} 속도 : +[CALC.GAUGE_FILL_SPEED, PER_UNCAPPED] #기본 {CHARGE}량 : [CALC.MIN_CHARGED, PER]"
SKILL/BLUE_DRAGON/SLIDER_DES,"{BALL_POWER} : [CALC.BALL_POWER, PER_SIGN], {BALL_SPIN} : +[CALC.BALL_SPIN] , {SLIDING_PENETRATION} : +[CALC.SLIDING_PENETRATION]"
SKILL/CAT/TITLE,나비
SKILL/CAT/DES,"클라이드가 애지중지하는 고양이가 함께 등장한다.#고양이는 {COURT}를 돌아다니며 {@SAD} 상태인 {PLAYER_TEAM_ALLY}를 {@FOCUS} 상태로 변경한다.#{STAMINA_MAX_TEAM_ALLY}가 [VAL.STAMINA, PER] 증가한다."
SKILL/CAT/DOLPA,
SKILL/CHANCE_BALL/TITLE,찬스볼 대응
SKILL/CHANCE_BALL/DES,{@FREE_BALL}을 {SPIKE}할 때 {BALL}의 {@BALL_POWER}이 [CALC.BALL_POWER] 증가한다.
SKILL/CHANCE_BALL/DOLPA,
SKILL/CHARGE/TITLE,충전
SKILL/CHARGE/DES,{BUTTON_SPIKE}을 눌러 도움닫기를 하며 {GAUGE}를 {CHARGE}한다. {BUTTON_SPIKE}을 다시 눌러 점프를 할 수 있으며 {GAUGE}에 따라 {JUMP}이 달라진다.
SKILL/CHARGE/DOLPA,
SKILL/CHARGE/DETAIL_DES,
SKILL/CHARGE_JENNY/DETAIL_DES,
SKILL/CHEMICAL_HIT/TITLE,화학 반응
SKILL/CHEMICAL_HIT/DES,해당 {PLAYER}가 {@RECEIVE}한 {BALL}을 {TEAM}의 {PLAYER}가 {@TOSS}할 경우 {SKILL/CHEMICAL_HIT/TITLE}이 일어난다. {SKILL/CHEMICAL_HIT/TITLE}이 일어난 {BALL}을 해당 {TEAM} {PLAYER}가 {ATTACK}할 경우 {BALL}의 {@BALL_POWER}과 {@BALL_SPIN}이 증가한다. 해당 {BALL}을 {DEFEND}한 {PLAYER}는 {DEFEND}를 실패하며 {DEFEND}한 {TEAM}의 {STAMINA}가 [VAL.STAMINA] 감소한다. #\[{ELITE_RULE}\] 해당 {BALL}을 {DEFEND}한 {PLAYER_TEAM_ENEMY}의 {RULE/INDIVIDUAL_STAMINA} 감소
SKILL/CHEMICAL_HIT/DOLPA_DES,"{BALL_POWER} : +[CALC.BALL_POWER, PER], {BALL_SPIN} : +[VAL.BALL_SPIN, PER], {SLIDING_PENETRATION} : +[CALC.SLIDING_PENETRATION]"
SKILL/CHEMICAL_HIT/DETAIL_DES,
SKILL/TIMEBOMB/TITLE,시한 폭탄
SKILL/TIMEBOMB/DES,
SKILL/TIMEBOMB/DOLPA,
SKILL/CRITICAL_TOSS/TITLE,크리티컬 토스
SKILL/CRITICAL_TOSS/DES,"{@TOSS} 시, {BALL} 주변에 원이 생기며 타이밍을 표시한다. {BALL}과 원이 맞닿는 순간 {@SPIKE}를 하면 {BALL}의 {@BALL_POWER}이 증가한다."
SKILL/CRITICAL_TOSS/DOLPA_DES,{BALL_POWER} : +[CALC.BALL_POWER]
SKILL/CRITICAL_TOSS/DETAIL_DES,
SKILL/DEEP_SPIKE/TITLE,수직 스파이크
SKILL/DEEP_SPIKE/DES,"{NET}와의 거리가 [VAL.DISTANCE, DIST] 미만일 때, 수직에 가까운 각도로 {@SPIKE}를 한다."
SKILL/DEEP_SPIKE/DOLPA,
SKILL/DETERMINATION/TITLE,의지
SKILL/DETERMINATION/DES,"{TEAM} {STAMINA}가 [VAL.STAMINA, PER] 이하일 때, {STRENGTH}과 {JUMP}이 증가한다. #\[{ELITE_RULE}\] 자신의 {RULE/INDIVIDUAL_STAMINA} 혹은 {MENTAL}이 [VAL.STAMINA, PER] 이하일 때 발동한다."
SKILL/DETERMINATION/DOLPA_DES,"{STRENGTH} : +[CALC.STRENGTH, PER], {JUMP} : +[CALC.JUMP, PER]"
SKILL/DETERMINATION/DETAIL_DES,
SKILL/DIRECT_SPIKE/TITLE,다이렉트 스파이크
SKILL/DIRECT_SPIKE/DES,{TEAM_ENEMY}으로부터 넘어오는 {BALL}을 바로 {@SPIKE}한다.
SKILL/DIRECT_SPIKE/DOLPA,
SKILL/DOUBLE_SPIKE/TITLE,더블 스파이크
SKILL/DOUBLE_SPIKE/DES,"{MID_AIR} 상태에서 두 번 {@SWING} 할 수 있다. 두 번째 {SWING}으로 {@SPIKE}를 할 때, {DATEN}이 4m 미만이라면 {BALL}의 {@BALL_POWER}이 [CALC.BALL_POWER, PER] 증가한다."
SKILL/DOUBLE_SPIKE/DOLPA,
SKILL/FAR_PASS_FEINT/TITLE,허점을 노리는 패스 페인트
SKILL/FAR_PASS_FEINT/DES,"{PLAYER_TEAM_ENEMY}들이 {NET}에서 [VAL.DISTANCE, DIST]이하로 몰려있을 경우 뒤로 길게 {@PASS_FEINT}한다."
SKILL/FAR_PASS_FEINT/DOLPA,
SKILL/FEINT_WHEN_OPPONENT_HP_LOW/TITLE,허점을 노리는 페인트
SKILL/FEINT_WHEN_OPPONENT_HP_LOW/DES,"{TEAM_ENEMY}의 {STAMINA}가 20이하일 때 [VAL.PROBABILITY, PER]의 확률로 {@FEINT}를 한다."
SKILL/FEINT_WHEN_WINNING/TITLE,봐주는 페인트
SKILL/FEINT_WHEN_WINNING/DES,해당 {TEAM}의 {SCORE}가 {TEAM_ENEMY}의 {SCORE}보다 높거나 같을 때 {@FEINT}를 한다.
SKILL/FEINT_WHEN_WINNING/DOLPA,
SKILL/FRANTIC/TITLE,천방지축
SKILL/FRANTIC/DES,"{@WS}가 {NET}에서 약 [VAL.DISTANCE, DIST] 이상 떨어져 있을 경우, {WS}에게 {NET}에서 멀리 떨어진 {@TOSS}를 올린다.#{SKILL}은 ON/OFF할 수 있다."
SKILL/FARNTIC/DOLPA,
SKILL/HIDDEN_BRILLIANCE/TITLE,진광불휘
SKILL/HIDDEN_BRILLIANCE/DES,"어떠한 특수 능력이 없어도, 엄청난 신체 능력으로 {COURT}를 강타할 수 있는 고등학교 최고의 {WS}이다."
SKILL/HIDDEN_BRILLIANCE/DOLPA,
SKILL/HIGHLIGHT/TITLE,하이라이트
SKILL/HIGHLIGHT/DES,"{SKILL}이 {ACTIVATE}된 동안 {TEAM} {PLAYER}들의 전체 {STATUS}가 증가한다.#{STRENGTH} [VAL.STRENGTH] 증가, {SPEED} [VAL.SPEED] 증가, {DEFENSE} [VAL.DEFENSE] 증가, {JUMP} [VAL.JUMP] 증가."
SKILL/HIGHLIGHT/DOLPA,
SKILL/HIGH_THIRD_RECEIVE/TITLE,높은 3단 처리
SKILL/HIGH_THIRD_RECEIVE/DES,"3번째 {TOUCH}로 {ATTACK} 없이 {BALL}을 넘길 때, {BALL}을 높게 올린다."
SKILL/HIGH_THIRD_RECEIVE/DOLPA,
SKILL/LIGHT_OF_HOPE/TITLE,희망의 빛
SKILL/LIGHT_OF_HOPE/DES,{TEAM}이 {POINT_LOSS}할 때마다 일정 확률로 해당 {TEAM} {PLAYER}들을 {@FOCUS} 상태가 되도록 한다.
SKILL/LIGHT_OF_HOPE/DOLPA_DES,"{FOCUS} 확률 : [CALC.FOCUS_PROB, PER]"
SKILL/LIGHT_OF_HOPE/DETAIL_DES,
SKILL/LOCK/TITLE,록
SKILL/LOCK/DES,"{@BLOCKING}에 가로막히지 않은 {ATTACK}을 {@RECEIVE}할 때, {ATTACK}한 {PLAYER_TEAM_ENEMY}에게 일정시간 {SKILL/LOCK/TITLE}을 부여한다. #{SKILL/LOCK/TITLE} 상태가 된 대상은 {SLIDING}을 못하게 되고, {SPEED}와 {JUMP}이 감소한다."
SKILL/LOCK/DOLPA_DES,"{SKILL/LOCK/TITLE} 대상 : {JUMP}: -[CALC.JUMP, PER], {SPEED}: -[CALC.SPEED, PER]"
SKILL/LOCK/DETAIL_DES,{STATUS}가 감소한 {PLAYER_TEAM_ENEMY}에게는 [VAL.DEBUFF_LEVEL]단계 {@DEBUFF}가 적용된다.
SKILL/NOON_SUNRISE/TITLE,일출
SKILL/NOON_SUNRISE/DES,"정오가 될 때까지 {TEAM_ENEMY}이 얻는 [VAL.SCORE_STEP]점마다 {STRENGTH}, {SPEED}, {JUMP}이 증가한다. 15점에 도달하기 전까지만 {STATUS}가 증가한다."
SKILL/NOON_SUNRISE/SLIDER_DES,"{STRENGTH} : +[CALC.STRENGTH], {SPEED} : +[CALC.SPEED], {JUMP} : +[CALC.JUMP]"
SKILL/NOON/TITLE,정오
SKILL/NOON/DES,"정오(15점)부터 일몰까지 {STRENGTH}이 [VAL.STRENGTH_FIXED], {SPEED}가 [VAL.SPEED], {JUMP}이 [VAL.JUMP_FIXED]로 고정된다."
SKILL/NOON_SUNSET/TITLE,일몰
SKILL/NOON_SUNSET/DES,"일몰(21점)부터 {STRENGTH}이 [VAL.STRENGTH_FIXED], {SPEED}가 [VAL.SPEED], {JUMP}이 [VAL.JUMP_FIXED]로 고정된다."
SKILL/PARRY/TITLE,패링
SKILL/PARRY/DES,"{PLAYER_TEAM_ENEMY}가 {@SPIKE}한 {BALL}을 {@RECEIVE}할 때, {BALL}의 {@BALL_POWER}에 비례해 {GAUGE}를 {CHARGE}한다. {GAUGE}가 {CHARGE}될수록 {STRENGTH}과 {JUMP}이 증가한다.#{SPIKE} 후에는 {CHARGE}된 {GAUGE}가 사라진다."
SKILL/PARRY/DOLPA_DES,{GAUGE} 최대치 : [CALC.MAX_CHARGED]
SKILL/PARRY/SLIDER_DES,"{STRENGTH} : +[CALC.STRENGTH], {JUMP} : +[CALC.JUMP]"
SKILL/PRIDE/TITLE,프라이드
SKILL/PRIDE/DES,{NET}로부터 약 6m 이상 떨어져 있을 시 떨어진 거리에 비례해 {@SPIKE}한 {BALL}의 {@BALL_POWER_HORIZONTAL}이 증가한다.#{NET}로부터 7.5m 이상 떨어져 {SPIKE} 할 경우 {@SLIDING_KILLER_EFFECT}를 가진다.#반대로 {NET}와의 거리가 약 3m 이하일 시에는 {SPIKE}한 {BALL}의 {BALL_POWER_HORIZONTAL}이 감소한다.
SKILL/PRIDE/DOLPA,
SKILL/PRIDE/SLIDER_DES,"{BALL_POWER_HORIZONTAL} : [CALC.BALL_POWER, PER_SIGN] , {SLIDING_PENETRATION} : +[CALC.SLIDING_PENETRATION]"
SKILL/PROTECTION/TITLE,보호
SKILL/PROTECTION/DES,"{@RECEIVE} 시 물방울을 생성하며, 물방울이 머금은 {TEAM_ALLY} {PLAYER}의 {DEFENSE}이 증가한다."
SKILL/PROTECTION/DOLPA_DES,"{DEFENSE} : +[CALC.DEFENSE], {BALL_POWER} : -[CALC.BALL_POWER, PER_DIFF]"
SKILL/PROTECTION/DETAIL_DES,
SKILL/SE_MB_SWAP/TITLE,세터 스위치
SKILL/SE_MB_SWAP/DES,"{@SE}가 {@RECEIVE} 할 경우, {@MB}가 {SE} 역할을 한다."
SKILL/SE_MB_SWAP/DOLPA,
SKILL/RIP_CURRENT/TITLE,이안류
SKILL/RIP_CURRENT/DES,"{SLIDING} 후 일어나는 속도가 느리지만, 우월한 신체능력을 가지고 있다."
SKILL/RIP_CURRENT/DOLPA,
SKILL/SERVE_READY_MOTION_A/TITLE,서브 루틴 A
SKILL/SERVE_READY_MOTION_A/DES,{SERVE} 시작 전 특별한 {SERVE} 루틴을 수행한다.
SKILL/SERVE_READY_MOTION_A/DOLPA,
SKILL/SERVE_READY_MOTION_B/TITLE,서브 루틴 B
SKILL/SERVE_READY_MOTION_C/TITLE,서브 루틴 C
SKILL/SERVE_READY_MOTION_D/TITLE,서브 루틴 D
SKILL/SERVE_READY_MOTION_E/TITLE,서브 루틴 E
SKILL/SERVE_READY_MOTION_F/TITLE,서브 루틴 F
SKILL/SHARP_SPIKE/TITLE,날카로운 스파이크
SKILL/SHARP_SPIKE/DES,{BALL}의 {@BALL_SPIN}이 감소하고 수직에 가까운 {@SPIKE}를 한다.
SKILL/SHARP_SPIKE/DOLPA,
SKILL/SKY_SERVE/TITLE,하늘 서브
SKILL/SKY_SERVE/DES,일정 확률로 하늘 높이 올리는 강력한 {SERVE}를 구사한다. {SERVE_SKY}를 {@RECEIVE}한 {PLAYER_TEAM_ENEMY}는 해당 {RALLY} 동안 {@SAD} 상태가 된다. 연속으로 {SERVE_SKY}를 성공시킬수록 성공률이 감소한다.
SKILL/SKY_SERVE/SLIDER_DES,{SERVE} 횟수에 따른 성공률 : [CALC.SERVE_SUCCESS_BY_COUNT]%
SKILL/SLOW_TOSS/TITLE,슬로우 토스
SKILL/SLOW_TOSS/DES,{BALL}의 {@BALL_SPIN}이 감소하여 안정적이고 느리게 떨어지는 {@TOSS}를 올린다.
SKILL/SLOW_TOSS/DOLPA,
SKILL/SNIPE/TITLE,저격
SKILL/SNIPE/DES,{TOSS} 직전에 {SKILL/SNIPE/TITLE}을 시도한다. 조준한 곳에 {PLAYER}가 있을 경우 매우 빠르게 {@TOSS}를 올린다. 조준한 곳 근처에 {PLAYER}가 없으면 다른 {TOSS}를 올린다.
SKILL/SNIPE/DOLPA,
SKILL/SNOW_FLAKE_TWO_ATTACK/TITLE,눈결정 투어택
SKILL/SNOW_FLAKE_TWO_ATTACK/DES,"눈결정과 함께 {BALL}의 {@BALL_SPIN}이 [VAL.BALL_SPIN, PER], {@BALL_POWER}이 [VAL.BALL_POWER, PER] 증가한 {@SPIKE}를 한다."
SKILL/SNOW_FLAKE_TWO_ATTACK/DOLPA,
SKILL/SOLID_BLOCKING/TITLE,솔리드 블로킹
SKILL/SOLID_BLOCKING/DES,비조작 {PLAYER}의 {@BLOCKING} 점프 타이밍의 {ACCURACY}가 증가한다.
SKILL/SOLID_BLOCKING/DOLPA,
SKILL/SPEED_TOSS/TITLE,스피드 토스
SKILL/SPEED_TOSS/DES,"빠르게 떨어지는 {@TOSS}를 올린다.#{SKILL/SPEED_TOSS/TITLE}를 {@SPIKE}할 때, {TOSS}된 {BALL}의 {@BALL_POWER_VERTICAL}이 클수록 {BALL}의 {@BALL_POWER}이 증가한다. #(난이도가 높아 초보자가 사용하기 어렵다.)"
SKILL/SPEED_TOSS/DOLPA,
SKILL/STABLE_TOSS/TITLE,스테이블 토스
SKILL/STABLE_TOSS/DES,"{SKILL}을 {ACTIVATE}하는 동안 {BALL}의 {@BALL_POWER}과 {@BALL_SPIN}이 감소한 안정적인 {@TOSS}를 올린다.#{SKILL} {ACTIVATE} 상태에서 {TOSS} 시, 즉시 {TEAM}의 {STAMINA}를 [VAL.STAMINA] 회복한다. #\[{ELITE_RULE}\] {RULE/INDIVIDUAL_STAMINA}가 가장 낮은 {PLAYER_TEAM_ALLY}의 {STAMINA} 회복"
SKILL/STABLE_TOSS/DOLPA,
SKILL/SUNFLOWER/TITLE,해바라기
SKILL/SUNFLOWER/DES,{SKILL}을 {ACTIVATE}하는 동안 {@WS}로 향하는 {@TOSS}를 올린다.#{SKILL}은 ON/OFF 할 수 있다.
SKILL/SUNFLOWER/DOLPA,
SKILL/SUNHEART/TITLE,태양의 마음
SKILL/SUNHEART/DES,"{TEAM} {PLAYER}들의 {@SAD} 확률이 [VAL.PROBABILITY, PER_DIFF] 감소한다."
SKILL/SUNHEART/DOLPA,
SKILL/SUNRECEIVE/TITLE,태양 리시브
SKILL/SUNRECEIVE/DES,"{@RECEIVE}할 때 {@DEFEND_RANGE}가 [VAL.DEFEND_RANGE, PER], {DEFENSE}이 [VAL.DEFENSE], {SPEED}가 [VAL.SPEED] 증가한다."
SKILL/SUNRECEIVE/DOLPA,
SKILL/SURPRISE_ATTACK/TITLE,기습
SKILL/SURPRISE_ATTACK/DES,"{SKILL}을 {ACTIVATE}하는 동안 {@TOSS} 대신 {@ATTACK_TWO}을 시도한다. 이 때의 {@SPIKE}는 {@BALL_POWER}이 [VAL.BALL_POWER, PER] 증가하고 {@BLOCKING}에 막히지 않는다."
SKILL/SURPRISE_ATTACK/DOLPA,
SKILL/THUNDER_FLOOR_HIT_ATTACK/TITLE,강한 공 효과
SKILL/THUNDER_FLOOR_HIT_ATTACK/DES,"{BALL}이 바닥에 충돌 시, 화면이 집중된다."
SKILL/THUNDER_FLOOR_HIT_ATTACK/DOLPA,
SKILL/THUNDER_SPIKE/TITLE,천둥 스파이크
SKILL/THUNDER_SPIKE/DES,"{DATEN}이 [VAL.DATEN, NOTEN] 이상이 되면 천둥 효과와 함께 {@BALL_POWER}과 {@BALL_SPIN}이 증가한 {@SPIKE}를 한다. 이때 {SPIKE}는 {@SLIDING_KILLER_EFFECT}를 가진다."
SKILL/THUNDER_SPIKE/DOLPA_DES,"{BALL}의 {BALL_POWER} : +[CALC.BALL_POWER, PER], {BALL_SPIN} : +[VAL.BALL_SPIN, PER], {SLIDING_PENETRATION} : +[CALC.SLIDING_PENETRATION]"
SKILL/THUNDER_SPIKE/DETAIL_DES,
SKILL/TIGER_BARK/TITLE,어흥
SKILL/TIGER_BARK/DES,{MATCH} 중 처음으로 {SERVE}할 때 {PLAYER_TEAM_ENEMY}들이 매우 높은 확률로 {@SAD} 상태가 된다.
SKILL/TIGER_BARK/DOLPA,
SKILL/TIRE/TITLE,타이어
SKILL/TIRE/DES,"타이어를 몸에 두르고 있는 동안 {SPEED}와 {JUMP}이 감소한다. {@RECEIVE}를 받으면 타이어 {GAUGE}가 {CHARGE}되고 {STAMINA_TEAM_ALLY}를 [VAL.STAMINA]만큼 회복한다. {GAUGE}가 최대로 모이면 타이어가 끊어지며 {STRENGTH}, {JUMP}, {SPEED}가 증가한다. #\[{ELITE_RULE}\] 자신의 {RULE/INDIVIDUAL_STAMINA} 회복"
SKILL/TIRE/DOLPA_DES,"(타이어 존재 시) {SPEED} : -[CALC.SPEED_DECREASE], {JUMP} : -[CALC.JUMP_DECREASE]#(타이어 파괴 시) {STRENGTH} : +[CALC.STRENGTH], {SPEED} : +[CALC.SPEED], {JUMP} : +[CALC.JUMP]"
SKILL/TOP_SPIN_FEINT/TITLE,탑스핀 페인트
SKILL/TOP_SPIN_FEINT/DES,{@FEINT}된 {BALL}이 회전에 의해 더 빠르게 떨어진다.
SKILL/TOP_SPIN_FEINT/DETAIL_DES,"{BALL}의 {BALL_SPIN} : +[VAL.BALL_SPIN, PER_UNCAPPED]"
SKILL/TIGER_SCRATCH/TITLE,호랑이 발톱
SKILL/TIGER_SCRATCH/DES,{ATTACK}을 {DEFEND}한 {PLAYER_TEAM_ENEMY}에게 표식을 부여한다.#표식이 있는 {PLAYER}는 {JUMP}이 [VAL.JUMP] 감소한다. 표식이 중첩되면 {DEFEND}에 실패하며 표식이 제거된다.#{DEFEND}에 실패한 {PLAYER_TEAM_ENEMY}는 낮은 확률로 {@SAD} 상태가 된다.
SKILL/TIGER_SCRATCH/DETAIL_DES,표식이 있는 {PLAYER_TEAM_ENEMY}에게는 [VAL.DEBUFF_LEVEL]단계 {@DEBUFF}가 적용된다.#{SLIDING_PENETRATION} : +[CALC.SLIDING_PENETRATION]
SKILL/TWO_ATTACK_WHEN_POSSIBLE/TITLE,세터 투어택
SKILL/TWO_ATTACK_WHEN_POSSIBLE/DES,{TOSS_JUMP} 상황에서 {@SPIKE}로 {ATTACK}을 전환한다.
SKILL/TWO_ATTACK_WHEN_POSSIBLE/DOLPA,
SKILL/TWO_ATTACK_WHEN_SETTER_RECEIVE/TITLE,세터 리시브 시 투어택
SKILL/TWO_ATTACK_WHEN_SETTER_RECEIVE/DES,"{@SE}가 성공적으로 {@RECEIVE}할 경우, 다른 {PLAYER}가 즉시 {@SPIKE} 한다."
SKILL/TWO_ATTACK_WHEN_SETTER_RECEIVE/DOLPA,
SKILL/VERY_FAR_TOSS/TITLE,장거리 토스
SKILL/VERY_FAR_TOSS/DES,"{NET}와의 거리가 약 [VAL.DISTANCE, DIST] 이상일 경우 {@BALL_SPIN}이 낮고, {DATEN}이 높은 {@TOSS}를 올린다."
SKILL/VERY_FAR_TOSS/DOLPA,
SKILL/WARM_UP/TITLE,몸풀기
SKILL/WARM_UP/DES,"움직이지 않을 경우, 푸시업 동작을 수행한다. #푸시업 동작을 할 수록, {STATUS}와 {HEIGHT}이 증가한다.(최대 푸시업 [VAL.COUNT]개까지 중첩)"
SKILL/WARM_UP/DOLPA,
SKILL/WARM_UP/SLIDER_DES,"{STRENGTH} : +[CALC.STRENGTH], {DEFENSE} : +[CALC.DEFENSE], {SPEED} : +[CALC.SPEED], {JUMP} : +[CALC.JUMP], {HEIGHT} : +[CALC.HEIGHT]cm"
SKILL/WEAK_TOP_SPIN_FEINT/TITLE,날카로운 페인트
SKILL/WEAK_TOP_SPIN_FEINT/DES,{@FEINT}된 {BALL}이 회전에 의해 더 빠르게 떨어진다.
SKILL/WEAK_TOP_SPIN_FEINT/DOLPA_DES,"{BALL}의 {BALL_SPIN} : +[CALC.BALL_SPIN, PER_UNCAPPED]"
SKILL/YOONSEOK/TITLE,마윤석
SKILL/YOONSEOK/DES,"{PLAYER_TEAM_ENEMY}들이 {@CARELESS} 상태가 될 확률이 [VAL.PROBABILITY, PER] 증가한다."
SKILL/YOONSEOK/DOLPA,
SKILL/DEEPSPIKE_INSTEAD_FEINT/TITLE,Burn the Ship
SKILL/DEEPSPIKE_INSTEAD_FEINT/DES,"{MID_AIR} 상태에서 {@FEINT} 시, 대신 수직 {@SPIKE}를 한다."
SKILL/DEEPSPIKE_INSTEAD_FEINT/DOLPA,
SKILL/ICARUS/TITLE,이카로스의 날개
SKILL/ICARUS/DES,"{@SPIKE}를 할 때, 자신의 최고 {DATEN}을 갱신하면 그 순간에 한해 {BALL}의 {@BALL_POWER}이 증가한다. 기록한 최고 {DATEN}에 비례하여 {STRENGTH}과 {JUMP}이 증가한다."
SKILL/ICARUS/DOLPA,
SKILL/ICARUS/DETAIL_DES,"{@BALL_POWER} : +[VAL.BALL_POWER, PER], {@BALL_SPIN} : +[VAL.BALL_SPIN, PER]"
SKILL/ICARUS/SLIDER_DES,"{STRENGTH} : +[CALC.STRENGTH], {JUMP} : +[CALC.JUMP]"
SKILL/ONEPOINT,원포인트 선수
SKILL/ONEPOINT/DES,{POINT_LOSS}하면 {MATCH} 내내 {@SAD} 상태가 된다.
SKILL/ONEPOINT/DOLPA,
SKILL/HYBRID_FLOATER_SERVE/TITLE,하이브리드 플로터 서브
SKILL/HYBRID_FLOATER_SERVE/DES,"{SERVE_SPIKE} 자세에서 기습적으로 {SERVE_FLOATER}를 한다.#해당 {SERVE}를 리시브로 {DEFEND}하면, {DEFEND}한 {TEAM}의 {STAMINA}가 [VAL.STAMINA] 감소하며, {DEFENSE} [VAL.DEFENSE] 미만의 {PLAYER}가 {@SLIDING}으로 받게 되면 {BALL}이 멀리 날아간다. #\[{ELITE_RULE}\] 해당 {SERVE}를 {DEFEND}한 {PLAYER_TEAM_ENEMY}의 {RULE/INDIVIDUAL_STAMINA} 감소"
SKILL/HYBRID_FLOATER_SERVE/DETAIL_DES,{SLIDING_PENETRATION} : +[CALC.SLIDING_PENETRATION]
SKILL/RAUL_SERVE_TOSS/TITLE,긴 서브 토스
SKILL/RAUL_SERVE_TOSS/DES,더욱 앞으로 {@TOSS_SERVE}를 올릴 수 있다.
,
SKILL/LONGSPIKE_TO_LINE/TITLE,라인 샷
SKILL/LONGSPIKE_TO_LINE/DES,{@LINE_END}을 노리는 {@SPIKE}를 한다.
,
SKILL/DARKCROW/TITLE,다크 크로우
SKILL/DARKCROW/DES,{PLAYER_TEAM_ENEMY}의 {DEFENSE}이 일시적으로 감소하는 {@SPIKE}를 한다.
SKILL/DARKCROW/DOLPA_DES,"{DEFENSE} 감소량 : -[CALC.DEFENSE, PER_DIFF]"
SKILL/DARKCROW/DETAIL_DES,
SKILL/SPOTLIGHT_TOSS/TITLE,스포트라이트 토스
SKILL/SPOTLIGHT_TOSS/DES,"{SKILL} {ACTIVATE} 시, {@WS}에게 낮고 느리게 떨어지는 {@TOSS}를 올린다. 해당 {TOSS}는 정점에 다가가면 빛나며, 그 전에는 {@SPIKE} 할 수 없다.#해당 {TOSS}를 {SPIKE}할 시 {BALL}의 {@BALL_POWER}이 [VAL.BALL_POWER, PER], {@BALL_SPIN}이 [VAL.BALL_SPIN] 증가한다.#{SPIKE}하지 못할 시 {WS}는 {@SAD} 상태가 된다."
SKILL/SPOTLIGHT_TOSS/DOLPA,
SKILL/ABYSS_TOSS/TITLE,심연의 토스
SKILL/ABYSS_TOSS/DES,해당 {PLAYER}가 올린 {@TOSS}를 수직에 가깝게 {@SPIKE} 할 수록 {BALL}의 {@BALL_POWER}이 증가한다.
SKILL/ABYSS_TOSS/DOLPA_DES,"{BALL}의 {BALL_POWER} : 최대 +[CALC.BALL_POWER, PER]"
SKILL/ABYSS_TOSS/DETAIL_DES,
SKILL/FLARE/TITLE,플레어
SKILL/FLARE/DES,{SKILL}이 {ACTIVATE}된 동안 모든 {STATUS}가 증가한다. 그러나 {SKILL} {ACTIVATE} 횟수에 따라 {DEACTIVATE} 상태에서의 {STATUS}가 감소한다. ({STATUS} 감소 최대 [VAL.SKILL_COUNT]회 중첩) #{TIMEOUT} 및 {SUBSTITUTION} 시에 {STATUS} 감소 효과가 초기화된다. 
SKILL/FLARE/DOLPA,
SKILL/FLARE/SLIDER_DES,"({SKILL} {ACTIVATE} 시) {STRENGTH} : +[CALC.STRENGTH], {DEFENSE} : +[CALC.DEFENSE], {SPEED} : +[CALC.SPEED], {JUMP} : +[CALC.JUMP] #({SKILL} {DEACTIVATE} 시) {STRENGTH} : -[CALC.STRENGTH_DECREASE], {DEFENSE} : -[CALC.DEFENSE_DECREASE], {SPEED} : -[CALC.SPEED_DECREASE], {JUMP} : -[CALC.JUMP_DECREASE]"
SKILL/HELIOS/TITLE,헬리오스
SKILL/HELIOS/DES,"{MID_AIR} 상태에서 {SPIKE} 시, 전신의 무게 중심을 앞으로 끌어당겨 빠르게 낙하한다.#낙하 속력이 커질수록 {BALL}의 {@BALL_POWER}이 증가한다."
SKILL/HELIOS/DOLPA,
SKILL/HELIOS/SLIDER_DES,"{BALL}의 {BALL_POWER} : +[CALC.BALL_POWER, PER], {SLIDING_PENETRATION} : +[CALC.SLIDING_PENETRATION]"
SKILL/DEATH_FLOWER/TITLE,멸화
SKILL/DEATH_FLOWER/DES,{@RECEIVE} 시 마지막으로 {BALL}을 {TOUCH}한 {PLAYER_TEAM_ENEMY}에게 표식을 남긴다. {SKILL}을 {ACTIVATE}시 표식을 지닌 모든 {PLAYER_TEAM_ENEMY}들의 {STATUS}가 일정 시간 감소한다.#표식을 2개 이상 지닌 {PLAYER_TEAM_ENEMY}는 {SKILL} {ACTIVATE} 직후 잠시동안 움직임을 봉인당한다.
SKILL/DEATH_FLOWER/DETAIL_DES,{SKILL} {ACTIVATE} 시 {PLAYER_TEAM_ENEMY}에게는 표식의 개수 만큼 {@DEBUFF} 단계가 적용된다.
SKILL/DEATH_FLOWER/SLIDER_DES,"{SKILL/DEATH_FLOWER/TITLE} 대상 : {STRENGTH} : -[CALC.STRENGTH], {DEFENSE} : -[CALC.DEFENSE], {SPEED} : -[CALC.SPEED], {JUMP} : -[CALC.JUMP]"
SKILL/LIGHTSTEP_MB/TITLE,가벼운 움직임
SKILL/LIGHTSTEP_MB/DES,가벼운 {APPROACH}로 {@ATTACK_QUICK}을 한다.
SKILL/LIGHTSTEP_MB/DOLPA,
SKILL/REBOUND_FEINT/TITLE,리바운드 페인트
SKILL/REBOUND_FEINT/DES,"{@FEINT}로 {PLAYER_TEAM_ENEMY}의 {@BLOCKING}을 맞출 시, {BALL}이 {TEAM_ALLY} {COURT}로 다시 돌아온다."
SKILL/REBOUND_FEINT/DOLPA,
SKILL/FLOWER_RECEIVE/TITLE,플라워 리시브
SKILL/FLOWER_RECEIVE/DES,"{@RECEIVE}의 {@DEFEND_RANGE}가 [VAL.DEFEND_RANGE, PER] 증가, {DEFENSE}과 {SPEED}가 증가한다."
SKILL/FLOWER_RECEIVE/DOLPA_DES,"{DEFENSE} : +[CALC.DEFENSE], {SPEED} : +[CALC.SPEED]"
SKILL/FLOWER_RECEIVE/DETAIL_DES,
SKILL/BRAVE_HEART/TITLE,용맹한 심장
SKILL/BRAVE_HEART/DES,{SAD} 상태를 {FOCUS} 상태로 변경한다.
SKILL/BRAVE_HEART/DOLPA,
SKILL/SOLAR_FLARE/TITLE,흑점 폭발
SKILL/SOLAR_FLARE/DES,"{@SPIKE} 시 일정 확률로 {SKILL/SOLAR_FLARE/TITLE}을 일으키며, 이때 {BALL}의 {@BALL_POWER}이 [VAL.BALL_POWER, PER], {BALL_SPIN}이 [VAL.BALL_SPIN] 증가한다."
SKILL/SOLAR_FLARE/DOLPA_DES,"{SKILL} {ACTIVATE} 확률 : [CALC.PROBABILITY, PER]"
SKILL/SOLAR_FLARE/DETAIL_DES,
SKILL/LUCAS_SERVE_TOSS/TITLE,긴 서브 토스
SKILL/LUCAS_SERVE_TOSS/DES,최소 {@TOSS} 속도가 증가하여 긴 {@TOSS_SERVE}를 올릴 수 있다.
SKILL/LUCAS_SERVE_TOSS/DOLPA,
SKILL/STRONG_SPIKE/TITLE,강타
SKILL/STRONG_SPIKE/DES,"스킬 발동 시, 잠시동안 공격력이 올라간다."
SKILL/STRONG_SPIKE/DOLPA,
SKILL/FAST_BLOCK_CHARGE/TITLE,재빠른 준비
SKILL/FAST_BLOCK_CHARGE/DES,"{BLOCKING}의 준비 속도가 [VAL.BLOCK_SPEED, PER] 증가한다."
SKILL/POWER_BACK_ATTACK/TITLE,파워 백어택
SKILL/POWER_BACK_ATTACK/DES,"{@LINE_ATTACK} 뒤에서 {@SPIKE} 시, {BALL}의 {@BALL_POWER}이 [VAL.BALL_POWER]만큼 증가한다."
SKILL/PERFECT_SECOND_TOSS/TITLE,완벽한 이단 토스
SKILL/PERFECT_SECOND_TOSS/DES,{@WS}가 {@SPIKE}하기에 최적화된 {@TOSS_OUT}을 {NET}에 붙여 올린다.
SKILL/OVERDRIVE/TITLE,오버드라이브
SKILL/OVERDRIVE/DES,{RALLY}가 끝날 때마다 {SKILL/OVERDRIVE/TITLE} {GAUGE}가 10%씩 {CHARGE}된다.#{SKILL}이 {ACTIVATE}된 동안 해당 {TEAM} {PLAYER}들의 {STATUS}가 증가한다.#{GAUGE} {CHARGE}량이 많을수록 {STRENGTH}과 {JUMP}의 상승량과 {SKILL_DURATION}이 증가한다.#{SERVE} 시에는 {ACTIVATE}할 수 없으며 {SERVE} 중에는 {COMMON/SKILL/DURATION}이 감소하지 않는다.
SKILL/OVERDRIVE/DOLPA,
SKILL/OVERDRIVE/SLIDER_DES,"{STRENGTH} : +[CALC.STRENGTH], {DEFENSE} : +[VAL.DEFENSE], {JUMP} : +[CALC.JUMP], {SKILL_DURATION} : +[CALC.SKILL_DURATION, SEC]"
SKILL/CROWN_PASS/TITLE,크라운 패스
SKILL/CROWN_PASS/DES,"{TEAM} 내 가장 {STRENGTH}이 높은 {PLAYER}에게 우선적으로 {@TOSS}를 올린다.#해당 {PLAYER}의 {STRENGTH}이 가장 높은 경우, {@ATTACK_TWO}의 확률이 [VAL.PROBABILITY, PER]까지 증가한다."
SKILL/WILD_POUNCE/TITLE,와일드 파운스
SKILL/WILD_POUNCE/DES,"{NET} 방향으로 이동 시 {GAUGE}를 {CHARGE}하며, {CHARGE}량에 비례해 가속을 받으며 점프할 수 있다.#{MODE_AUTOMATIC}에서는 {MID_AIR} 상태에서 자동으로 {GAUGE}를 {CHARGE}한다."
,
SKILL/BEAST_SPIKE/TITLE,비스트 스파이크
SKILL/BEAST_SPIKE/DES,"{SKILL/WILD_POUNCE/TITLE} {SKILL}의 {GAUGE} {CHARGE}량과 비례하여 {BALL}의 {@BALL_POWER}과 {@BALL_SPIN}이 증가한다.#최대 {GAUGE}로 {NET} 방향 {@SPIKE} 시, {PLAYER_TEAM_ENEMY}의 {@BLOCKING}을 관통한다. 단, {BLOCKING}하는 {PLAYER}의 {STRENGTH}보다 높아야 {BLOCKING} 관통이 가능하다.#최대 {GAUGE}로 {NET} 반대 방향으로 점프하며 {SPIKE} 시, {@SLIDING_KILLER_EFFECT}를 가진다. 단, 해당 {SPIKE}는 {BLOCKING}에 막힌다.#{MODE_AUTOMATIC}에서는 모든 {ATTACK}의 속도 증가가 [VAL.PENALTY, PER] 감소한다."
SKILL/BEAST_SPIKE/DOLPA_DES,"(전방향 {SPIKE}) {BALL}의 {BALL_POWER} 증가량 : +[CALC.BALL_POWER]#(후방향 {SPIKE}) {BALL}의 {BALL_POWER} 증가량 : +[CALC.BALL_POWER_SECONDARY], {SLIDING_PENETRATION} : +[CALC.SLIDING_PENETRATION]#후방향 {GAUGE} {CHARGE} 속도 증가량 : [CALC.BACKWARD_CHARGE_BOOST, PER_SIGN]"
SKILL/BEAST_SPIKE/DETAIL_DES,"{CHARGE}에 비례하는 {BALL}의 {BALL_POWER} 증가 수치가 증가하며, 뒤로 움직였을 때의 {CHARGE} 속도가 증가한다."
SKILL/STRONGER_IF_LOSING/TITLE,암야
SKILL/STRONGER_IF_LOSING/DES,{TEAM}보다 {TEAM_ENEMY}의 {SCORE}가 높을수록 {STATUS}가 비례하여 증가한다.#(최대 [VAL.SCORE]점 중첩)
SKILL/STRONGER_IF_LOSING/SLIDER_DES,"{STRENGTH} : +[CALC.STRENGTH], {SPEED} : +[CALC.SPEED], {JUMP} : +[CALC.JUMP]"
SKILL/BEAST_FANG/TITLE,비스트 팽
SKILL/BEAST_FANG/DES,"약 [VAL.DISTANCE, DIST]까지의 평소보다 넓은 범위로 {@SPIKE}할 수 있다."
,
SKILL/GLADIUS_WALL/TITLE,글래디우스 월
SKILL/GLADIUS_WALL/DES,{SKILL} {ACTIVATE} 시 {TEAM}의 {STAMINA}를 [VAL.STAMINA] 회복한다. {SKILL}이 {ACTIVATE}된 동안 {TEAM} {PLAYER}들의 {DEFENSE}이 각자의 {STRENGTH}에 비례하여 증가한다. #\[{ELITE_RULE}\] {RULE/INDIVIDUAL_STAMINA}가 가장 낮은 {PLAYER_TEAM_ALLY}의 {STAMINA} 회복
SKILL/GLADIUS_WALL/DOLPA,
SKILL/GLADIUS_WALL/SLIDER_DES,{DEFENSE} : +[CALC.DEFENSE]
SKILL/ARMOR_OF_TEAM/TITLE,팀의 갑옷
SKILL/ARMOR_OF_TEAM/DES,"{SERVE} {RECEIVE} 시 {TEAM} {PLAYER}들의 {DEFENSE}이 [VAL.DEFENSE], {DEFEND_RANGE}가 [VAL.DEFEND_RANGE, PER] 증가한다."
SKILL/ARMOR_OF_TEAM/DOLPA,
SKILL/REINFORCEMENT/TITLE,강화
SKILL/REINFORCEMENT/DES,{PLAYER_TEAM_ENEMY}가 연속으로 {@SERVE_ACE}를 성공한 횟수만큼 {TEAM} {PLAYER}들의 {DEFENSE}이 [VAL.DEFENSE]씩 증가한다.
SKILL/REINFORCEMENT/DOLPA,
SKILL/QUICK_RECOVERY/TITLE,빠른 회복
SKILL/QUICK_RECOVERY/DES,"{POINT_GAIN} 및 {POINT_LOSS} 시 회복하는 {STAMINA}의 양이 [VAL.STAMINA, PER] 증가한다."
SKILL/QUICK_RECOVERY/DOLPA,
SKILL/STABLE_PLAY/TITLE,안정적인 플레이
SKILL/STABLE_PLAY/DES,{RALLY} 내 양 {TEAM} 합산 {TOUCH} [VAL.TOTAL_TOUCHES]회마다 {TEAM}의 {STAMINA}를 [VAL.STAMINA] 회복한다. #\[{ELITE_RULE}\] {RULE/INDIVIDUAL_STAMINA}가 가장 낮은 {PLAYER_TEAM_ALLY}의 {STAMINA} 회복
SKILL/STABLE_PLAY/DOLPA,
SKILL/EXCELLENT_CONCENTRATION/TITLE,뛰어난 집중력
SKILL/EXCELLENT_CONCENTRATION/DES,{PLAYER_TEAM_ENEMY}가 {@SERVE_ACE}를 할 때마다 {TEAM}의 {STAMINA_MAX}가 영구적으로 [VAL.STAMINA]씩 증가한다.
SKILL/EXCELLENT_CONCENTRATION/DOLPA,
SKILL/SPEED_SETTER/TITLE,스피드 세터
SKILL/SPEED_SETTER/DES,"{RALLY} 지속에 따른 {SPEED} 감소량이 [VAL.RALLY_SPEED, PER_DIFF] 감소한다."
,
SKILL/RAUL_FIRST_IMPACT/TITLE,퍼스트 임팩트
SKILL/RAUL_FIRST_IMPACT/DES,"{MATCH} 중 처음으로 최대 {GAUGE}의 {@SPIKE} 시 {BALL}의 {@BALL_POWER}이 [VAL.BALL_POWER, PER], {@BALL_SPIN}이 [VAL.BALL_SPIN, PER] 증가한다."
SKILL/SUNSHINE/TITLE,선샤인
SKILL/SUNSHINE/DES,"{MATCH} 중 최초로 {SUBSTITUTION} 투입 시, {TEAM} {PLAYER}들을 {@FOCUS} 상태로 만든다."
SKILL/ROYAL_QUALITIES/TITLE,로얄 퀄리티
SKILL/ROYAL_QUALITIES/DES,"직접 조작하지 않을 경우 {PLAYER}의 {STRENGTH}이 [VAL.PENALTY, PER] 감소한다.#{MODE_AUTOMATIC}도 해당된다."
SKILL/BRAVE_TIGER/TITLE,맹호
SKILL/BRAVE_TIGER/DES,"{@COURT_BACK}의 {DEFENSE}이 가장 낮은 {PLAYER_TEAM_ENEMY}에게 {SKILL/TIGER_SCRATCH/TITLE} 표식이 있을 때, {STRENGTH}과 {JUMP}이 증가한다."
SKILL/BRAVE_TIGER/DOLPA_DES,"{STRENGTH} : +[CALC.STRENGTH], {JUMP} : +[CALC.JUMP]"
SKILL/TIGER_HUNT/TITLE,사냥
SKILL/TIGER_HUNT/DES,{@COURT_BACK}의 {DEFENSE}이 가장 낮은 {PLAYER_TEAM_ENEMY}가 표시된다.#(표시된 {PLAYER_TEAM_ENEMY}가 더 잘 보이도록 설정에서 “카메라 움직임”을 “상대 팀 집중”으로 변경할 것을 권장)
,
SKILL/THUNDER_SPARK/TITLE,스파크
SKILL/THUNDER_SPARK/DES,"{@SPIKE}를 할 때, {DATEN}이 4m 미만이라면 {BALL}의 {@BALL_POWER}이 증가한다."
SKILL/THUNDER_SPARK/DOLPA_DES,"{BALL_POWER} : +[CALC.BALL_POWER, PER]"
SKILL/FLYING_GUARD/TITLE,비호
SKILL/FLYING_GUARD/DES,"{SKILL} {ACTIVATE} 시, {PLAYER_TEAM_ALLY} 중에서 가장 {DEFENSE}이 낮은 선수가 비호 상태가 된다. #비호 상태일 때 {DEFENSE}과 {@DEFEND_RANGE}가 증가하며, {SPIKE} 수비 시에는 비호 상태가 해제된다."
SKILL/FLYING_GUARD/DETAIL_DES,"#타임아웃과 교체 상황에서 {SKILL}이 {ACTIVATE} 되어있다면, 기존 비호가 적용되던 포지션에 비호 상태를 적용한다."
SKILL/FLYING_GUARD/DOLPA,"{DEFENSE} : +[CALC.DEFENSE], {DEFEND_RANGE} : +[CALC.DEFEND_RANGE, PER]"
SKILL/GUARD_STRIKE/TITLE,호격
SKILL/GUARD_STRIKE/DES,"비호 상태에서 {@FEINT}를 수비하면, 호격 상태로 전환된다. #호격 상태일 때는 {STRENGTH}이 증가한다."
SKILL/GUARD_STRIKE/DOLPA,"{SKILL_DURATION} : [CALC.SKILL_DURATION, SEC], {STRENGTH} : +[CALC.STRENGTH]"
SKILL/BLESSING/TITLE,가호
SKILL/BLESSING/DES,{TEAM_ENEMY} {COURT}로부터 넘어온 {BALL}을 처음 {RECEIVE}할 때 {TEAM}의 {STAMINA}를 [VAL.STAMINA] 회복한다. #\[{ELITE_RULE}\] 자신의 {RULE/INDIVIDUAL_STAMINA} 회복
SKILL/PAIN_KILLER/TITLE,페인 킬러
SKILL/PAIN_KILLER/DES,"{SKILL} {ACTIVATE} 시, {PLAYER_TEAM_ALLY}의 {SPEED}와 {DEFENSE}이 증가하며, 자신의 {STRENGTH}과 {JUMP}이 증가한다.#자신의 {GRAVITY}이 [VAL.GRAVITY]% 증가하며, {SLIDING_WAKEUP_SPEED}가 [VAL.SLIDING_WAKEUP_SPEED]%만큼 빨라진다."
SKILL/PAIN_KILLER/DOLPA_DES,"({PLAYER_TEAM_ALLY}에게) {DEFENSE}: +[CALC.DEFENSE], {SPEED}: +[CALC.SPEED] #(자신에게) {STRENGTH}: +[CALC.STRENGTH], {JUMP}: +[VAL.JUMP]"
SKILL/SANDMAN/TITLE,샌드맨
SKILL/SANDMAN/DES,{PLAYER_TEAM_ENEMY}의 {@SAD} 지속 시간을 [CALC.SKILL_DURATION_UI]초 증가시킨다.
SKILL/SANDMAN/DETAIL_DES,
SKILL/CEMETERY_GATES/TITLE,세메트리 게이트
SKILL/CEMETERY_GATES/DES,"{STAMINA_TEAM_ALLY}가 [VAL.MIN_STAMINA]% 이하일 때, {PLAYER_TEAM_ALLY}의 {SPEED}와 {DEFENSE}이 증가한다."
SKILL/CEMETERY_GATES/DOLPA_DES,"{DEFENSE}: +[CALC.DEFENSE], {SPEED}: +[CALC.SPEED]"
SKILL/COURT_COMPASS/TITLE,코트 위의 나침반
SKILL/COURT_COMPASS/DES,{TOSS} 시 {BALL}에 회전하는 나침반이 생성된다.#생성된 나침반은 {WS}의 최고 {DATEN}에서 {TEAM_ENEMY} {COURT}를 가리킨다.#나침반이 가리키는 방향과 {SPIKE}의 각도가 근접할수록 {ACCURACY}가 증가한다.#{ACCURACY}에 따라 {BALL}의 {@BALL_POWER}과 {@BALL_SPIN}이 증감한다.#{ACCURACY}가 PERFECT인 {SPIKE}를 할 수록 {MATCH}동안 나침반의 회전 속도가 빨라진다.
SKILL/COURT_COMPASS/SLIDER_DES,"{@BALL_POWER}: [CALC.BALL_POWER_BY_ACCURACY]%, {@BALL_SPIN}: [CALC.BALL_SPIN_BY_ACCURACY]%"
SKILL/TRIPLE_COMPASS/TITLE,임페리얼 오더
SKILL/TRIPLE_COMPASS/DES,"{SKILL} {ACTIVATE} 시, 코트 위의 나침반이 3개가 생성된다.#나침반들은 서로 다른 속도로 회전하며 반드시 {TEAM_ENEMY} {COURT} 방향으로 겹치는 순간이 존재한다.#나침반의 {BALL_POWER} 증가는 각각 독립적으로 실행된다."
SKILL/TRIPLE_COMPASS/DETAIL_DES,
SKILL/KIND_DICTATOR/TITLE,친절한 독재자
SKILL/KIND_DICTATOR/DES,{TOSS_OPEN} 시 빠르게 떨어지는 {TOSS}를 올린다.#{BALL}이 {WS}의 최고 타점에서 [VAL.PAUSE_TIME]초 느리게 떨어진다.
SKILL/TYPHOON/TITLE,태풍
SKILL/TYPHOON/DES,{SKILL}이 {ACTIVATE}된 동안 {STRENGTH}과 {JUMP}이 증가한다. {SPEED}가 높을 수록 {STRENGTH}이 크게 올라간다.
SKILL/TYPHOON/SLIDER_DES,"{STRENGTH} : +[CALC.STRENGTH], {JUMP} : +[CALC.JUMP]"
SKILL/GUST/TITLE,돌풍
SKILL/GUST/DES,"{BUTTON_SPIKE}을 누르면, 빠른 속도로 {BALL}의 타격 지점으로 이동한다. {BUTTON_SPIKE}을 떼는 순간, 최고 타점으로 빠르게 점프 한다."
SKILL/GUST/DOLPA_DES,"달리기 준비 시간 : [CALC.READY_TIME]초, 달리기 이동 속도 : [CALC.RUN_SPEED]"
SKILL/BLADE_WIND/TITLE,칼바람
SKILL/BLADE_WIND/DES,"{MID_AIR} 상태에서 {BUTTON_SPIKE}을 누르면, 잠시 공중에 머무른다. {BUTTON_SPIKE}을 떼는 순간, {SWING} 한다.#{SKILL/TYPHOON/TITLE} 상태에서 {SPIKE}를 하면, 상대 팀 코트에 목표 지점이 표시된다.#{BUTTON_SPIKE}을 떼는 순간 나타난 마지막 지점을 향해 {SPIKE}한다."
SKILL/BLADE_WIND/SLIDER_DES,{BALL}의 {BALL_POWER} : +[CALC.BALL_POWER]
SKILL/TEMPEST_LASH/TITLE,템페스트 래시
SKILL/TEMPEST_LASH/DES,평소보다 넓은 범위로 {@SPIKE}할 수 있다.
SKILL/CALM_BEFORE_THE_STORM/TITLE,폭풍전야
SKILL/CALM_BEFORE_THE_STORM/DES,"{SKILL/GUST/TITLE} 점프 직후, 상대가 일시적으로 느리게 움직인다."
SKILL/CALM_BEFORE_THE_STORM/DOLPA_DES,"{TEAM_ENEMY} {SPEED} : -[CALC.SLOWER_RATIO, PER], {SKILL_DURATION} : [CALC.SLOWER_TIME]초"
SKILL/SOARING/TITLE,비상
SKILL/SOARING/DES,스파이크 점프 상황에서 공중 이동 속도가 증가한다.
SKILL/SOARING/DOLPA_DES,"공중 이동 속도 : [CALC.AIR_MOVE_SPEED, PER_UNCAPPED]"
SKILL/OUT_OF_SHAPE/TITLE,저질 체력
SKILL/OUT_OF_SHAPE/DES,"{RALLY} 지속에 따른 {SPEED} 감소량이 [VAL.RALLY_SPEED, PER_DIFF] 증가한다."
,
SKILL/BUNGEO_PPANG/TITLE,붕어빵
SKILL/BUNGEO_PPANG/DES,"{SKILL} {ACTIVATE} 시, 붕어빵을 꺼내 먹는다. 이때 {TEAM} {STAMINA}가 [VAL.STAMINA]만큼 회복되고 붕어빵을 먹은 후 {SKILL_DURATION} 동안 모든 {STATUS}가 증가한다. #\[{ELITE_RULE}\] {RULE/INDIVIDUAL_STAMINA}가 가장 낮은 {PLAYER_TEAM_ALLY}의 {STAMINA} 회복"
SKILL/BUNGEO_PPANG/DOLPA_DES,"{STRENGTH}: +[CALC.STRENGTH], {DEFENSE}: +[CALC.DEFENSE], {SPEED}: +[CALC.SPEED], {JUMP}: +[CALC.JUMP]"
SKILL/PROBLEM_SOLVER/TITLE,해결사
SKILL/PROBLEM_SOLVER/DES,"{@TOSS}로 올린 {BALL}을 {PLAYER_TEAM_ALLY}가 2번 연속 {@SPIKE}하지 못했을 때 {@ATTACK_TWO}을 시도한다.#{ATTACK_TWO} 시, {BALL}의 {@BALL_POWER}이 [VAL.BALL_POWER, PER] 증가하고 {@BLOCKING}을 무시한다."
, 
SKILL/MIRACULOUS_TOSS/TITLE,기적의 토스
SKILL/MIRACULOUS_TOSS/DES,"{SKILL} {ACTIVATE} 시, {SKILL/MIRACULOUS_TOSS/TITLE}를 올린다.#{PLAYER_TEAM_ALLY}가 해당 {TOSS}를 {SPIKE}할 때까지 {SKILL}이 지속된다.#해당 {TOSS}를 {@SPIKE} 시, {TEAM}보다 {TEAM_ENEMY}의 {SCORE}가 높을수록 {BALL}의 {BALL_POWER}이 비례하여 증가한다.(최대 [VAL.SCORE]점 중첩)"
SKILL/MIRACULOUS_TOSS/SLIDER_DES,"{BALL}의 {BALL_POWER} : +[CALC.BALL_POWER, PER_UNCAPPED], {BALL}의 {BALL_SPIN} : +[CALC.BALL_SPIN],"
SKILL/HEAD_TO_HEAD/TITLE,정면승부
SKILL/CANNOT_SLIDE/TITLE,세월의 풍파
SKILL/CANNOT_SLIDE/DES,교감 선생님께 슬라이딩 같은 동작은 무리입니다.
,
SKILL/EVERY_ACTION_SPIKE/TITLE,전신 스파이크
SKILL/EVERY_ACTION_SPIKE/DES,"{BALL}의 위치에 따라 다양한 포즈로 {SPIKE}를 때릴 수 있으며, 그에 따라 {SPIKE} 궤적이 달라진다."
SKILL/CANCEL_BLOCK_ON_OUT/TITLE,블로킹 회피
SKILL/CANCEL_BLOCK_ON_OUT/DES,"비조작 선수일 때, 상대 {SPIKE}의 낙하지점이 아웃이면 {BLOCKING}을 취소한다."
SKILL/SOFT_SECOND_TOSS/TITLE,부드러운 이단토스
SKILL/SOFT_SECOND_TOSS/DES,"어택라인을 향해 {@TOSS_OUT}를 올리며, 해당 {TOSS}를 {SPIKE} 시, {BALL}의 {BALL_POWER}이 증가한다."
SKILL/SOFT_SECOND_TOSS/DOLPA_DES,"{BALL}의 {BALL_POWER}: +[CALC.BALL_POWER, PER]"
SKILL/INTIMIDATION2/TITLE,위압
SKILL/INTIMIDATION2/DES,"{BALL}을 {TOUCH}할 때마다 {STACK}이 1씩 쌓인다. {STACK}을 최대로 모으면 {SKILL}이 자동으로 {ACTIVATE}된다.#{SKILL}이 {ACTIVATE}된 동안 {STRENGTH}이 [VAL.STRENGTH], {SPEED}가 [VAL.SPEED] 증가한다. 또한 자신보다 {STRENGTH}이 낮은 {PLAYER_TEAM_ENEMY}의 {ATTACK}을 {@BLOCKING}하면 항상 {@BLOCK_KILL}을 발동시킨다."
SKILL/INTIMIDATION2/DOLPA_DES,필요 {STACK} 수 : [DOL.STACK_COUNT]
SKILL/IRON_CLAW/TITLE,아이언 클로
SKILL/IRON_CLAW/DES,{SKILL/METAL_BLOOD/TITLE}의 {ENERGY_COUNT}에 따라 넓은 범위로 {SPIKE}할 수 있다.
SKILL/IRON_CLAW/SLIDER_DES,{SPIKE} 범위: [CALC.CLAW_SCALE]
SKILL/IRON_HALBERD/TITLE,철극
SKILL/IRON_HALBERD/DES,"{TEAM_ALLY}에 편성된 자신 이외의 S+ {PLAYER} 1명당 {STRENGTH}이 [CALC.STRENGTH], {JUMP}이 [CALC.JUMP] 감소한다."
SKILL/HUNDRED_FORGED_STEEL/TITLE,백련강
SKILL/HUNDRED_FORGED_STEEL/DES,"{RALLY} 중 {@ATTACK_QUICK}을 할 수록(최대 [VAL.MAX_COUNT] 번) {JUMP}과 {STRENGTH}이 증가한다. {RALLY} 종료 시, 초기화 된다."
SKILL/HUNDRED_FORGED_STEEL/SLIDER_DES,"{JUMP}: +[CALC.JUMP], {STRENGTH}: +[CALC.STRENGTH]"
SKILL/METAL_BLOOD/TITLE,철혈
SKILL/METAL_BLOOD/DES,"낮은 {GRAVITY} 으로 점프하며, 공중에 있는 동안 에너지를 충전한다. 스파이크 시 {ENERGY_COUNT} 만큼 {BALL}의 {@BALL_POWER}이 증가한다. {@ATTACK_QUICK} 이 아닌 {BALL} 에는 {BALL_POWER} 증가 효과가 [VAL.PENALTY, PER]만 적용된다."
SKILL/METAL_BLOOD/DOLPA_DES,{AIR} {CHARGE} 시간: -[CALC.AIR_CHARGE_TIME]{SEC}
SKILL/METAL_BLOOD/SLIDER_DES,"{BALL}의 {BALL_POWER}: +[CALC.BALL_POWER, PER]"
SKILL/READ_BLOCK/TITLE,리드 블록
SKILL/READ_BLOCK/DES,"비조작 {PLAYER}가 {BLOCKING} 시, {SE}의 {TOSS}를 보고 {BLOCKING} 점프를 한다."
SKILL/FORTUNES_TURN/TITLE,전화위복
SKILL/FORTUNES_TURN/DES,"{SKILL} {ACTIVATE} 시, {PLAYER_TEAM_ALLY}의 {@DEBUFF}를 [VAL.DEBUFF_LEVEL]단계 낮춘다. (1단계 {DEBUFF}라면 해제)"
SKILL/CORE_HIT/TITLE,코어 히트
SKILL/CORE_HIT/DES,"조작 선수를 우선하여 토스를 올린다.#{@WS}가 토스를 {ATTACK_BACK}시, {BALL}의 {BALL_POWER} [CALC.BALL_POWER, PER] 증가, {SLIDING_PENETRATION} [CALC.SLIDING_PENETRATION] 증가 #{@MB}가 {@ATTACK_QUICK} 토스를 {SPIKE}시, {BLOCKING_PENETRATION} [VAL.BLOCKING_PENETRATION] 증가"
SKILL/STEEL_MENTAL/TITLE,강철 멘탈
SKILL/STEEL_MENTAL/DES,"[VAL.DEBUFF_LEVEL]단계 {@DEBUFF}가 적용될 시, 디버프를 건 {PLAYER_TEAM_ENEMY}보다 {DEFENSE}이 [VAL.DEFENSE] 높다면 즉시 {DEBUFF}를 해제한다."
SKILL/RICOCHET/TITLE,도탄
SKILL/RICOCHET/DES,{BLOCKING}의 {ONE_TOUCH} {JUDGE_TIME}이 [CALC.GOOD_BLOCKING_RANGE] 증가한다
특성 고유 명사,
STRENGTH,공격력
STRENGTH_DES,{STRENGTH}가 높을수록 {SPIKE}가 강해진다. {BLOCKING} 된 {BALL}이 튕겨나가는 정도를 감소시킨다.
JUMP,점프력
DEFENSE,수비력
SPEED,스피드
FOCUS,몰입
FOCUS_DES,"{SERVE_ACE}나 정확한 {BLOCKING}, {POINT_GAIN} 상황에서 발생할 수 있는 {CONDITION}. 전체적인 {STATUS}가 크게 증가한다."
SAD,기죽음
SAD_DES,정확한 {ATTACK}이나 {DEFEND}에 실패했을 때 발생할 수 있는 {CONDITION}. 전체적인 {STATUS}가 감소한다.
ANGRY,흥분
ANGRY_DES,"{SERVE_ACE}나 {ATTACK} 실패 시 발생할 수 있는 {CONDITION}. {ATTACK}과 {SPEED}가 높아지지만, {DEFENSE}과 {JUMP}이 감소한다."
CARELESS,방심
CARELESS_DES,{BALL}을 5회 이상 터치하지 않을 때 발생할 수 있는 {CONDITION}. {DEFENSE}과 {SPEED}가 크게 감소한다.
CONDITION,컨디션
CONDITION_DES,경기 중 {PLAYER}에게 발생하는 다양한 상태 변화. {PLAYER}를 교체하거나 일정 시간이 흐르면 원래대로 돌아온다.
STATUS,능력치
SKILL,특성
DATEN,타점
TOGGLE_SKILL,온오프 특성
ACTIVE_SKILL,액티브 특성
PASSIVE_SKILL,패시브 특성
ACTIVE,액티브
PASSIVE,패시브
FEATURE,천성
ACTIVATE,활성화
DEACTIVATE,비활성화
HEIGHT,신장
MB,미들블로커
MB_DES,{@ATTACK_QUICK}과 {BLOCKING}을 중심으로 변수를 창출하는 {PLAYER}
WS,윙스파이커
WS_DES,{SPIKE}를 통해 {TEAM}의 주요 득점을 책임 지는 {PLAYER}
SE,세터
SE_DES,{ATTACK} 할 수 있도록 {TOSS}를 올리는 {PLAYER}
PLAYER,선수
NET,네트
COURT,코트
SPIKE,스파이크
SPIKE_DES,점수를 내기 위해 {NET} 위에서 {BALL}을 세게 내려치는 공격 동작
RECEIVE,리시브
RECEIVE_DES,상대가 보낸 공이 바닥에 떨어지지 않게 받아 올리는 수비 동작
TOSS,토스
TOSS_DES,{ATTACK}하기 좋게 {BALL}을 위로 부드럽게 올려주는 연결 동작
BLOCKING,블로킹
BLOCKING_DES,{NET} 앞에서 점프해 {PLAYER_TEAM_ENEMY}의 {ATTACK}을 차단하는 동작. {STRENGTH}이 높을수록 {BLOCKING} 이후 {BALL}이 튕겨져나가는 속도가 감소한다.
TOUCH,터치
DIG,디그
SLIDING,슬라이딩
SLIDING_DES,공을 살리기 위해 몸을 낮추며 바닥 위로 미끄러지듯 이동해 받아내는 동작.#{STAMINA}를 잃지 않고 {BALL}을 {DEFEND}할 수 있다.
APPROACH,도움닫기
ATTACK_BACK,백어택
SERVE_FLOATER,점프 플로터 서브
SERVE_SPIKE,스파이크 서브
SERVE_HYBRID,하이브리드 플로터 서브
SERVE_BASIC,기본 서브
SERVE,서브
SERVE_SKY,하늘 서브
ATTACK_TWO,투어택
ATTACK_TWO_DES,두 번째 {TOUCH} 상황에서 상대 팀을 향해 기습적으로 {ATTACK}하는 동작
PASS_FEINT,패스 페인트
PASS_FEINT_DES,{SE}가 {TOSS} 동작에서 기습적으로 상대 팀을 향해 공을 넘겨 {ATTACK}하는 동작
FOUR_HIT,포히트
FOUR_HIT_DES,한 {TEAM}이 {BALL}을 네 번 이상 터치해 반칙이 되는 상황
DOUBLE_CONTACT,더블 컨택
POINT_GAIN,득점
POINT_LOSS,실점
SCORE,점수
TEAM,팀
TEAM_ENEMY,상대 팀
TEAM_ALLY,우리 팀
PLAYER_TEAM_ALLY,우리 팀 선수
PLAYER_TEAM_ENEMY,상대 팀 선수
BALL,공
IN,인
OUT,아웃
TOUCH_OUT,터치 아웃
FREE_BALL,찬스볼
FREE_BALL_DES,{DEFEND}하기 충분한 시간을 갖는 공이 넘어오는 상황#{ATTACK} +15~30%
TOSS_OUT,이단 토스
TOSS_OUT_DES,{SE}가 아닌 선수가 {TOSS}한 상황
ATTACK_QUICK,속공
ATTACK_QUICK_DES,{SE}가 {MB}에 맞춰 낮게 올려준 공을 빠르게 공격하는 동작
TOSS_OPEN,오픈 토스
TOSS_JUMP,점프 토스
TOSS_STANDING,스탠딩 토스
BLOCK_KILL,셧아웃 블록
BLOCK_KILL_DES,완벽한 타이밍의 {BLOCKING}으로 공을 상대 {COURT}에 떨어트리는 동작
BLOCK_SOFT,소프트 블록
BLOCK_SOFT_DES,공을 건드려서 상대 {SPIKE}의 {BALL_POWER}을 줄이는 동작
FEINT,페인트
FEINT_DES,빈틈을 노려 {BALL}을 가볍게 쳐서 넘기는 동작
TOSS_SERVE,서브 토스
TOSS_SERVE_DES,{SERVE}를 하기 위해 {BALL}을 머리 위로 던져 올리는 동작
REBOUND,리바운드
OUT_OF_BOUND,아웃 오브 바운드
FAULT,범실
SERVE_ACE,서브 에이스
SERVE_ACE_DES,{SERVE}가 바로 {POINT_GAIN}으로 이어진 상황
THIRD_FINISH,3단 처리
MATCH,경기
RALLY,랠리
TIMEOUT,타임아웃
TOUCH_COUNT,터치 횟수
SUBSTITUTION,선수 교체
ROTATION,로테이션
ROTATION_DES,상대 팀의 서브 상황에서 점수를 얻으면 선수들이 한 칸씩 자리를 바꾸는 규칙
COURT_FRONT,전위
COURT_FRONT_DES,{RALLY}가 시작할 때 {PLAYER}의 위치가 네트 앞인 상황
COURT_BACK,후위
COURT_BACK_DES,{PLAYER}의 {ROTATION}에 의한 위치가 네트 앞이 아닌 상황
MID_AIR,체공
MID_AIR_DES,{PLAYER}가 {ON_GROUND}에 닿아있지 않은 상황
ON_GROUND,지면
ATTACK,공격
DEFEND,수비
RANGE_ATTACK,공격 범위
DEFEND_RANGE,수비 범위
DEFEND_RANGE_DES,{PLAYER}가 {BALL}에 반응해 {RECEIVE}를 할 수 있는 범위
SWING,스윙
SWING_DES,{SPIKE}를 하기 위해 팔을 휘두르는 동작
LINE_END,엔드 라인
LINE_END_DES,{COURT}의 가장 뒷쪽 부분을 나타내는 선#{LINE_END} 바깥에 떨어진 {BALL}은 {OUT} 처리된다.
LINE_ATTACK,어택 라인
LINE_ATTACK_DES,{COURT}의 안쪽에 있는 선
STAMINA,스태미나
STAMINA_DES,"각 {TEAM}이 {DEFEND}를 수행할 때, 얼마나 안정적으로 버틸 수 있는지를 나타내는 수치. {ATTACK}을 받아낼 때마다 감소한다.#{STAMINA}가 부족하면 {DEFEND}를 실패한다."
STAMINA_MAX,최대 스태미나
STAMINA_TEAM_ALLY,우리 팀 스태미나
STAMINA_TEAM_ENEMY,상대 팀 스태미나
STAMINA_MAX_TEAM_ALLY,우리 팀 최대 스태미나
STAMINA_MAX_TEAM_ENEMY,상대 팀 최대 스태미나
BALL_SPIN,회전력
BALL_SPIN_DES,{BALL}을 아래로 빠르게 떨어트리는 수치
BALL_DAMAGE,대미지
BALL_POWER,위력
BALL_POWER_DES,"{BALL}의 속도를 결정하는 수치#높을수록 더 빠르게 날아가고, {DEFEND}를 시도하는 {PLAYER}에게 더 큰 {BALL_DAMAGE}를 준다."
BALL_POWER_VERTICAL,수직 위력
BALL_POWER_VERTICAL_DES,수직 방향으로 작용하는 {BALL}의 {BALL_POWER}
TRAJECTORY,궤도
CHARGE,충전
GAUGE,게이지
ACCURACY,정확도
SLIDING_PENETRATION,슬라이딩 관통력
BLOCKING_PENETRATION,블로킹 관통력
MODE_AUTOMATIC,자동 조작 모드
COMMON/SKILL/DURATION,지속 시간
BUTTON_SPIKE,스파이크 버튼
HOLD,홀드
MAX_DATEN,최고 타점
TRAIL,잔상
BALL_POWER_HORIZONTAL,수평 위력
BALL_POWER_HORIZONTAL_DES,수평 방향으로 작용하는 {BALL}의 {BALL_POWER}
SLIDING_KILLER_EFFECT,슬라이딩 관통 효과
SLIDING_KILLER_EFFECT_DES,슬라이딩으로 온전히 수비할 수 없으며 공이 보다 멀리 튕겨나간다.
SLIDING_WAKEUP_SPEED,슬라이딩 기상 속도
GRAVITY,중력
DEBUFF_LEVEL,부정 효과 단계
DEBUFF,부정 효과
DEBUFF_DES,효과가 적용된 {PLAYER}의 {STATUS}를 감소시킨다.
,
팝업 슬라이더 내 표기용,
SCORE_TEAM_ENEMY,상대 팀 점수
POINT,점
DISTANCE_NET,네트와의 거리(m)
METER,m
PERCENT,%
SCORE_DIFFERENCE,점수 차
RALLY_COUNT,랠리 수
EVENT_COUNT,번
SEED,씨앗
OBJECT_COUNT,개
LUCAS_FALL_POWER,낙하 속력 레벨
SKILL_USE_COUNT,특성 사용 횟수
ENERGY,기
PUSH_UP,푸시업
SERVE_COUNT,서브 성공 횟수
CHARGED_COUNT,충전량
BLADE_WIND_TARGET_COUNT,목표 지점의 수
SEC,초
ENERGY_COUNT,에너지 충전 개수
,
,
특화 노드,
WEAKNESS_CORE/TITLE,{WEAKNESS} {CORE}
WEAKNESS_CORE/DES,{WEAKNESS} {SPECIALIZATION}를 여는 {CORE}. {LEVEL}의 합계가 가장 낮은 계열의 {SPECIALIZATION}만 {LEVEL}을 올릴 수 있다.
SPEC_SERVE_ATTACK/TITLE,{SERVE} {STRENGTH}
SPEC_SERVE_ATTACK/DES,{SERVE}의 {STRENGTH}이 증가한다.
SPEC_SERVE_ATTACK/POS_EFF/STAT_MODIFIER/SERVE_ATTACK_POWER/DES,{SERVE} {STRENGTH} +{value}
SPEC_MENTAL_DAMAGE/TITLE,{MENTAL} {DAMAGE}
SPEC_MENTAL_DAMAGE/DES,{ELITE_RULE}에서 {ATTACK}이 상대의 {MENTAL}을 더 크게 감소시킨다.
SPEC_MENTAL_DAMAGE/POS_EFF/STAT_MODIFIER/MENTAL_DAMAGE/DES,{MENTAL} {DAMAGE} +{value}
SPEC_SPIN/TITLE,{BALL_SPIN}
SPEC_SPIN/DES,{SPIKE}의 {BALL_SPIN}이 증가한다.
SPEC_SPIN/POS_EFF/STAT_MODIFIER/SPIN/DES,{BALL_SPIN} +{value}
SPEC_FRONT_ROW_ATTACK/TITLE,{COURT_FRONT} {STRENGTH}
SPEC_FRONT_ROW_ATTACK/DES,{COURT_FRONT}에서 시도하는 {SPIKE}의 {STRENGTH}이 증가한다.
SPEC_FRONT_ROW_ATTACK/POS_EFF/STAT_MODIFIER/FRONT_ROW_ATTACK_POWER/DES,{COURT_FRONT}에 있을 때 {STRENGTH} +{value}
SPEC_SPIKE_POWER/TITLE,{SPIKE} {BALL_POWER}
SPEC_SPIKE_POWER/DES,{SPIKE}의 {BALL_POWER}이 증가한다.
SPEC_SPIKE_POWER/POS_EFF/STAT_MODIFIER/SPIKE_POWER/DES,{SPIKE} {BALL_POWER} +{value}
SPEC_SPIKE_SWING_RANGE/TITLE,{SPIKE} {SWING} {RANGE}
SPEC_SPIKE_SWING_RANGE/DES,{SPIKE}의 {SWING} {RANGE}가 증가한다.
SPEC_SPIKE_SWING_RANGE/POS_EFF/STAT_MODIFIER/SPIKE_SWING_RANGE/DES,{SPIKE} {SWING} {RANGE} +{value}
SPEC_BACK_ATTACK/TITLE,{COURT_BACK} {STRENGTH}
SPEC_BACK_ATTACK/DES,{LINE_ATTACK} 뒤에서 시도하는 {SPIKE}의 {STRENGTH}이 증가한다.
SPEC_BACK_ATTACK/POS_EFF/STAT_MODIFIER/BACK_ATTACK_SPIKE_POWER/DES,{ATTACK_BACK} 상황일 때 {STRENGTH} +{value}
SPEC_ATTACK_POWER/TITLE,{STRENGTH}
SPEC_ATTACK_POWER/DES,기본 {STRENGTH}이 증가한다.
SPEC_ATTACK_POWER/POS_EFF/STAT_MODIFIER/ATTACK_POWER/DES,{STRENGTH} +{value}
SPEC_SLIDING_PENETRATION/TITLE,{SLIDING_PENETRATION}
SPEC_SLIDING_PENETRATION/DES,{SLIDING_PENETRATION}이 증가한다.
SPEC_SLIDING_PENETRATION/POS_EFF/STAT_MODIFIER/SLIDING_PENETRATION/DES,{SLIDING_PENETRATION} +{value}
SPEC_RECEIVE_RANGE/TITLE,{RECEIVE} {DEFEND_RANGE}
SPEC_RECEIVE_RANGE/DES,{RECEIVE}의 {DEFEND_RANGE}가 증가한다.
SPEC_RECEIVE_RANGE/POS_EFF/STAT_MODIFIER/RECEIVE_DEFENSE_RANGE/DES,{RECEIVE} {DEFEND_RANGE} +{value}
SPEC_GOOD_RECEIVE_STABILITY/TITLE,{GOOD_RECEIVE} 안정
SPEC_GOOD_RECEIVE_STABILITY/DES,{GOOD_RECEIVE} 후 {BALL}이 더 안정적으로 튕겨져나간다.
SPEC_GOOD_RECEIVE_STABILITY/POS_EFF/STAT_MODIFIER/GOOD_RECEIVE_BALL_STABILITY/DES,{GOOD_RECEIVE} {STABILITY} +{value}
SPEC_SERVE_DEFENSE/TITLE,{SERVE} {DEFENSE}
SPEC_SERVE_DEFENSE/DES,{SERVE}에 대한 {DEFEND}의 {DEFENSE}이 증가한다.
SPEC_SERVE_DEFENSE/POS_EFF/STAT_MODIFIER/SERVE_DEFENSE_POWER/DES,{SERVE} {DEFENSE} +{value}
SPEC_DEFENSE_POWER/TITLE,{DEFENSE}
SPEC_DEFENSE_POWER/DES,기본 {DEFENSE}이 증가한다.
SPEC_DEFENSE_POWER/POS_EFF/STAT_MODIFIER/DEFENSE_POWER/DES,{DEFENSE} +{value}
SPEC_SLIDING_RANGE/TITLE,{SLIDING} {DEFEND_RANGE}
SPEC_SLIDING_RANGE/DES,{SLIDING}의 {DEFEND_RANGE}가 증가한다.
SPEC_SLIDING_RANGE/POS_EFF/STAT_MODIFIER/SLIDING_DEFENSE_RANGE/DES,{SLIDING} {DEFEND_RANGE} +{value}
SPEC_SLIDING_PROTECTION/TITLE,{SLIDING} {PROTECTION}
SPEC_SLIDING_PROTECTION/DES,{SLIDING} 후 {BALL}이 더 안정적으로 튕겨져나간다.
SPEC_SLIDING_PROTECTION/POS_EFF/STAT_MODIFIER/SLIDING_RESISTANCE/DES,{SLIDING} {PROTECTION} +{value}
SPEC_SLIDING_ENDURANCE/TITLE,{SLIDING} {ENDURANCE}
SPEC_SLIDING_ENDURANCE/DES,{RALLY} 지속에 의한 {SLIDING} {PROTECTION} 감소량이 감소한다.
SPEC_SLIDING_ENDURANCE/POS_EFF/STAT_MODIFIER/SLIDING_ENDURANCE/DES,{SLIDING} {ENDURANCE} +{value}
SPEC_RECEIVE_ROLL_RESIST/TITLE,{RECEIVE} {ROLLING} {RESIST}
SPEC_RECEIVE_ROLL_RESIST/DES,{RECEIVE} 후 구르지 않을 확률이 증가한다.
SPEC_RECEIVE_ROLL_RESIST/POS_EFF/STAT_MODIFIER/RECEIVE_ROLL_RESISTANCE/DES,{RECEIVE} {ROLLING} {RESIST} +{value}
SPEC_BLOCK_READY_SPEED/TITLE,{BLOCKING} {READY_SPEED}
SPEC_BLOCK_READY_SPEED/DES,{BLOCKING}을 준비하는 속도가 증가한다.
SPEC_BLOCK_READY_SPEED/POS_EFF/STAT_MODIFIER/BLOCK_READY_SPEED/DES,{BLOCKING} {READY_SPEED} +{value}
SPEC_BLOCK_PROTECTION/TITLE,파워 {BLOCKING}
SPEC_BLOCK_PROTECTION/DES,{BLOCKING} {ONE_TOUCH} 후 {BALL}이 더 안정적으로 튕겨져나간다.
SPEC_BLOCK_PROTECTION/POS_EFF/STAT_MODIFIER/BLOCK_RESISTANCE/DES,{BLOCKING} {PROTECTION} +{value}
SPEC_BACK_DEFENSE/TITLE,{ATTACK_BACK} {DEFENSE}
SPEC_BACK_DEFENSE/DES,{LINE_ATTACK} 뒤에서 시도하는 {SPIKE}에 대한 {DEFEND}의 {DEFENSE}이 증가한다.
SPEC_BACK_DEFENSE/POS_EFF/STAT_MODIFIER/BACK_ATTACK_DEFENSE_POWER/DES,{ATTACK_BACK} {DEFENSE} +{value}
SPEC_FEINT_DEFENSE/TITLE,{FEINT} {DEFENSE}
SPEC_FEINT_DEFENSE/DES,{FEINT}에 대한 {DEFEND}의 {DEFENSE}이 증가한다.
SPEC_FEINT_DEFENSE/POS_EFF/STAT_MODIFIER/FEINT_DEFENSE_POWER/DES,{FEINT} {DEFENSE} +{value}
SPEC_SPEED/TITLE,{SPEED}
SPEC_SPEED/DES,기본 {SPEED}가 증가한다.
SPEC_SPEED/POS_EFF/STAT_MODIFIER/SPEED/DES,{SPEED} +{value}
SPEC_OFF_COURT_SPEED/TITLE,{COURT} 밖 {MOVE_SPEED}
SPEC_OFF_COURT_SPEED/DES,{COURT} 밖에서의 {SPEED}가 증가한다.
SPEC_OFF_COURT_SPEED/POS_EFF/STAT_MODIFIER/OFF_COURT_MOVE_SPEED/DES,{COURT} 밖 {SPEED} +{value}
SPEC_BLOCK_JUMP/TITLE,{BLOCKING} {JUMP}
SPEC_BLOCK_JUMP/DES,{BLOCKING} {JUMP}의 높이가 증가한다.
SPEC_BLOCK_JUMP/POS_EFF/STAT_MODIFIER/BLOCK_JUMP/DES,{BLOCKING} {JUMP} +{value}
SPEC_MENTAL_REGEN/TITLE,{MENTAL} 지속 회복
SPEC_MENTAL_REGEN/DES,{ELITE_RULE}에서 지속적으로 {MENTAL}을 회복한다.
SPEC_MENTAL_REGEN/POS_EFF/STAT_MODIFIER/MENTAL_REGEN/DES,초당 {RECOVERY_AMOUNT} : {value:ratio}
SPEC_FEINT_DROP_SPEED/TITLE,{FEINT} {DROP_SPEED}
SPEC_FEINT_DROP_SPEED/DES,{FEINT}의 {DROP_SPEED}가 증가한다.
SPEC_FEINT_DROP_SPEED/POS_EFF/STAT_MODIFIER/FEINT_DROP_SPEED/DES,{FEINT} {DROP_SPEED} +{value}
SPEC_CONDITION_CONTROL/TITLE,{CONDITION} 조절
SPEC_CONDITION_CONTROL/DES,{CONDITION} {SPECIALIZATION}를 개방하는 {CORE}. {SAD}과 {CARELESS} 상태의 {KEEP_TIME}이 감소한다.
SPEC_CONDITION_CONTROL/POS_EFF/STAT_MODIFIER/SAD_DURATION/DES,{SAD} {KEEP_TIME} +{value}
SPEC_CONDITION_CONTROL/POS_EFF/STAT_MODIFIER/CARELESS_DURATION/DES,{CARELESS} {CONDITION} {KEEP_TIME} +{value}
SPEC_FOCUS_DURATION/TITLE,{FOCUS} {KEEP_TIME}
SPEC_FOCUS_DURATION/DES,{FOCUS} 상태의 {KEEP_TIME}이 증가한다.
SPEC_FOCUS_DURATION/POS_EFF/STAT_MODIFIER/FOCUS_DURATION/DES,{FOCUS} {KEEP_TIME} +{value}
SPEC_ANGRY_DURATION/TITLE,{ANGRY} {KEEP_TIME}
SPEC_ANGRY_DURATION/DES,{ANGRY} 상태의 {KEEP_TIME}이 증가한다.
SPEC_ANGRY_DURATION/POS_EFF/STAT_MODIFIER/ANGRY_DURATION/DES,{ANGRY} {KEEP_TIME} +{value}
SPEC_ANGRY_DURATION/POS_EFF/STAT_MODIFIER/JUMP_POWER/DES,{JUMP} +{value}
SPEC_ANGRY_DURATION/NEG_EFF/STAT_MODIFIER/DEFENSE_POWER/DES,{DEFENSE} +{value}
SPEC_TRAIT_COOLDOWN/TITLE,{SKILL_COOLDOWN} 감소
SPEC_TRAIT_COOLDOWN/DES,{ACTIVE_SKILL}의 {SKILL_COOLDOWN}이 감소한다.
SPEC_TRAIT_COOLDOWN/POS_EFF/STAT_MODIFIER/TRAIT_COOLDOWN/DES,{SKILL_COOLDOWN} +{value}
SPEC_TRAIT_DURATION/TITLE,{SKILL_DURATION} 증가
SPEC_TRAIT_DURATION/DES,{ACTIVE_SKILL}의 {SKILL_DURATION}과 {SKILL_COOLDOWN}이 증가한다.
SPEC_TRAIT_DURATION/POS_EFF/STAT_MODIFIER/TRAIT_DURATION/DES,{SKILL_DURATION} +{value}
SPEC_TRAIT_DURATION/NEG_EFF/STAT_MODIFIER/TRAIT_COOLDOWN/DES,{SKILL_COOLDOWN} +{value}
SPEC_JUMP_POWER/TITLE,{JUMP}
SPEC_JUMP_POWER/DES,기본 {JUMP}이 증가한다.
SPEC_JUMP_POWER/POS_EFF/STAT_MODIFIER/JUMP_POWER/DES,{JUMP} +{value}
SPEC_SPIKE_ANGLE/TITLE,{SPIKE} {ANGLE}
SPEC_SPIKE_ANGLE/DES,{SPIKE}를 더욱 수직에 가깝게 칠 수 있게 된다.
SPEC_SPIKE_ANGLE/POS_EFF/STAT_MODIFIER/SPIKE_ANGLE/DES,{SPIKE} {ANGLE} +{value}
SPEC_AIR_MOVE_SPEED/TITLE,{AIR} {MOVE_SPEED}
SPEC_AIR_MOVE_SPEED/DES,"{SPIKE_JUMP} 후, {AIR}에서 {MOVE_SPEED}가 증가한다."
SPEC_AIR_MOVE_SPEED/POS_EFF/STAT_MODIFIER/AIR_MOVE_SPEED/DES,{SPIKE} {AIR} {MOVE_SPEED} +{value}
SPEC_MULTIPLE_SWING/TITLE,{MULTIPLE_SWING}
SPEC_MULTIPLE_SWING/DES,{AIR}에서 {SWING}을 추가로 할 수 있게 된다.
,
SPEC_SPEED_RETENTION/TITLE,{SPEED} {ENDURANCE}
SPEC_SPEED_RETENTION/DES,{RALLY} 지속에 의한 {SPEED} 감소량이 감소한다.
SPEC_SPEED_RETENTION/POS_EFF/STAT_MODIFIER/SPEED_RETENTION/DES,{SPEED} {ENDURANCE} +{value}
SPEC_STAMINA_REGEN/TITLE,{STAMINA} {REGEN}
SPEC_STAMINA_REGEN/DES,{STAMINA}의 {REGEN}이 증가한다.
SPEC_STAMINA_REGEN/POS_EFF/STAT_MODIFIER/STAMINA_REGEN/DES,{STAMINA} {REGEN} +{value}
SPEC_STAMINA_BASE/TITLE,{STAMINA} 기본량
SPEC_STAMINA_BASE/DES,{STAMINA_MAX}가 증가한다.
SPEC_STAMINA_BASE/POS_EFF/STAT_MODIFIER/STAMINA_FLAT/DES,{STAMINA_MAX} +{value}
SPEC_SLIDING_RECOVERY/TITLE,{SLIDING_WAKEUP_SPEED}
SPEC_SLIDING_RECOVERY/DES,{SLIDING_WAKEUP_SPEED}가 증가한다.
SPEC_SLIDING_RECOVERY/POS_EFF/STAT_MODIFIER/SLIDING_RECOVERY_SPEED/DES,{SLIDING_WAKEUP_SPEED} +{value}
SPEC_WEAK_ATTACK_POWER/TITLE,{STRENGTH} 저하
SPEC_WEAK_ATTACK_POWER/DES,기본 {STRENGTH}이 감소한다.
SPEC_WEAK_ATTACK_POWER/NEG_EFF/STAT_MODIFIER/ATTACK_POWER/DES,{STRENGTH} +{value}
SPEC_WEAK_SERVE_ATTACK/TITLE,{SERVE} {STRENGTH} 저하
SPEC_WEAK_SERVE_ATTACK/DES,{SERVE} {STRENGTH}이 감소한다.
SPEC_WEAK_SERVE_ATTACK/NEG_EFF/STAT_MODIFIER/SERVE_ATTACK_POWER/DES,{SERVE} {STRENGTH} +{value}
SPEC_WEAK_BACK_ATTACK/TITLE,{COURT_BACK} {STRENGTH} 저하
SPEC_WEAK_BACK_ATTACK/DES,{LINE_ATTACK} 뒤에서 시도하는 {SPIKE}의 {STRENGTH}이 감소한다.
SPEC_WEAK_BACK_ATTACK/NEG_EFF/STAT_MODIFIER/BACK_ATTACK_SPIKE_POWER/DES,해당 상황에서 {STRENGTH} +{value}
SPEC_WEAK_FRONT_ROW_ATTACK/TITLE,{COURT_FRONT} {STRENGTH} 저하
SPEC_WEAK_FRONT_ROW_ATTACK/DES,{COURT_FRONT}에서 시도하는 {SPIKE}의 {STRENGTH}이 감소한다.
SPEC_WEAK_FRONT_ROW_ATTACK/NEG_EFF/STAT_MODIFIER/FRONT_ROW_ATTACK_POWER/DES,해당 상황에서 {STRENGTH} +{value}
SPEC_WEAK_DEFENSE_RANGE/TITLE,{RECEIVE} {DEFEND_RANGE} 축소
SPEC_WEAK_DEFENSE_RANGE/DES,{RECEIVE} {DEFEND_RANGE}가 감소한다.
SPEC_WEAK_DEFENSE_RANGE/NEG_EFF/STAT_MODIFIER/RECEIVE_DEFENSE_RANGE/DES,{RECEIVE} {DEFEND_RANGE} +{value}
SPEC_WEAK_SLIDING_DEFENSE_RANGE/TITLE,{SLIDING} {DEFEND_RANGE} 감소
SPEC_WEAK_SLIDING_DEFENSE_RANGE/DES,{SLIDING} {DEFEND_RANGE}가 감소한다.
SPEC_WEAK_SLIDING_DEFENSE_RANGE/NEG_EFF/STAT_MODIFIER/SLIDING_DEFENSE_RANGE/DES,{SLIDING} {DEFEND_RANGE} +{value}
SPEC_WEAK_BLOCK_JUMP/TITLE,{BLOCKING} {JUMP} 저하
SPEC_WEAK_BLOCK_JUMP/DES,{BLOCKING} {JUMP}이 감소한다.
SPEC_WEAK_BLOCK_JUMP/NEG_EFF/STAT_MODIFIER/BLOCK_JUMP/DES,{BLOCKING} {JUMP} +{value}
SPEC_WEAK_RALLY_SPEED_DECAY/TITLE,{RALLY} {SPEED} 감소 심화
SPEC_WEAK_RALLY_SPEED_DECAY/DES,{RALLY} 지속에 의한 {SPEED} 감소량이 증가한다.
SPEC_WEAK_RALLY_SPEED_DECAY/NEG_EFF/STAT_MODIFIER/SPEED_RETENTION/DES,{SPEED} {ENDURANCE} +{value}
SPEC_WEAK_JUMP_POWER/TITLE,{JUMP} 저하
SPEC_WEAK_JUMP_POWER/DES,기본 {JUMP}이 감소한다.
SPEC_WEAK_JUMP_POWER/NEG_EFF/STAT_MODIFIER/JUMP_POWER/DES,{JUMP} +{value}
SPEC_WEAK_ROLLING_CHANCE/TITLE,{ROLLING} 확률 증가
SPEC_WEAK_ROLLING_CHANCE/DES,{RECEIVE} 후 구를 확률이 증가한다.
SPEC_WEAK_ROLLING_CHANCE/NEG_EFF/STAT_MODIFIER/RECEIVE_ROLL_RESISTANCE/DES,{RECEIVE} {ROLLING} {RESIST} +{value}
SPEC_WS_BACK_ATTACKER/TITLE,{BACK_ATTACKER}
SPEC_WS_BACK_ATTACKER/DES,{LINE_ATTACK} 뒤에서 시도하는 {SPIKE}의 {STRENGTH}이 증가한다.
SPEC_WS_BACK_ATTACKER/POS_EFF/STAT_MODIFIER/BACK_ATTACK_SPIKE_POWER/DES,해당 상황에서 {STRENGTH} +{value}
SPEC_WS_BACK_ATTACKER/NEG_EFF/STAT_MODIFIER/DEFENSE_POWER/DES,{DEFENSE} +{value}
SPEC_WS_BACK_ATTACKER/NEG_EFF/STAT_MODIFIER/SPIKE_JUMP_POWER/DES,{SPIKE} {JUMP} +{value}
SPEC_WS_CLOSER/TITLE,해결사
SPEC_WS_CLOSER/DES,{TOSS_OPEN} 상황에서 시도하는 {SPIKE}의 {BALL_POWER}이 증가한다.
SPEC_WS_CLOSER/NEG_EFF/STAT_MODIFIER/SPEED/DES,{SPEED} +{value}
SPEC_WS_CLOSER/NEG_EFF/STAT_MODIFIER/RECEIVE_DEFENSE_RANGE/DES,{RECEIVE} {DEFEND_RANGE} +{value}
,
SPEC_WS_PREDATOR/TITLE,맹수
SPEC_WS_PREDATOR/DES,{NET} 방향으로 일정 시간 이상 이동하다 {SPIKE}할 때 {BALL_POWER}이 증가한다.
SPEC_WS_PREDATOR/NEG_EFF/STAT_MODIFIER/SPIKE_JUMP_POWER/DES,{SPIKE} {JUMP} +{value}
SPEC_WS_PREDATOR/NEG_EFF/STAT_MODIFIER/DEFENSE_POWER/DES,{DEFENSE} +{value}
,
SPEC_WS_CHANCE_SPIKE_POWER/TITLE,{CHANCE} {SPIKE}
SPEC_WS_CHANCE_SPIKE_POWER/DES,{FREE_BALL} 상황에서 시도하는 {SPIKE}의 {BALL_POWER}이 일정 확률로 증가한다.
SPEC_WS_CHANCE_SPIKE_POWER/NEG_EFF/STAT_MODIFIER/SPEED/DES,{SPEED} +{value}
,
SPEC_WS_CHANCE_SPIKE_POWER/SKILLFEATURE/CHANCE_SPIKE_POWER/ATTACK_POWER/DES,해당 상황에서 {STRENGTH} +[ATTACK_POWER]
SPEC_WS_UNASSISTED_SPIKE_ATTACK_POWER/TITLE,이단 {ATTACK} 전문가
SPEC_WS_UNASSISTED_SPIKE_ATTACK_POWER/DES,{SE}가 아닌 {PLAYER}가 {SECOND_TOUCH}를 한 상황에서 시도하는 {SPIKE}의 {STRENGTH}이 일정 확률로 증가한다.
,
SPEC_WS_UNASSISTED_SPIKE_ATTACK_POWER/SKILLFEATURE/UNASSISTED_SPIKE_ATTACK_POWER/ATTACK_POWER/DES,해당 상황에서 {STRENGTH} +[ATTACK_POWER]
SPEC_WS_DIRECT_SPIKE_POWER/TITLE,{DIRECT_SPIKE}
SPEC_WS_DIRECT_SPIKE_POWER/DES,{DIRECT_SPIKE}의 {BALL_POWER}이 증가한다.
,
SPEC_MB_FORGE/TITLE,{FORGE}
SPEC_MB_FORGE/DES,{BLOCKING}을 할 때마다 {FORGE} {STACK}을 획득한다. 누적된 {STACK} 수에 비례해 {STRENGTH}이 증가한다.
SPEC_MB_FORGE/NEG_EFF/STAT_MODIFIER/SPEED/DES,{SPEED} +{value}
SPEC_MB_FORGE/NEG_EFF/STAT_MODIFIER/DEFENSE_POWER/DES,{DEFENSE} +{value}
,
,
,
,
SPEC_MB_PRECISE_BLOCK/TITLE,조금 더 정교한 {BLOCKING}
SPEC_MB_PRECISE_BLOCK/DES,"충분히 충전한 상태로 {BLOCK_JUMP}를 할 때, {AIR}에서 {STRENGTH}이 증가한다. 충전이 부족할 경우 {BLOCKING} {JUMP}과 {AIR}에서의 {STRENGTH}이 감소한다."
,
,
,
,
SPEC_SE_ONE_SHOT/TITLE,한 방이 필요해
SPEC_SE_ONE_SHOT/DES,"{TOSS_OPEN}를 올릴 때, 이어지는 {SPIKE}의 {BALL_POWER}이 증가한다. 그 이외의 {TOSS}에서 이어지는 {SPIKE}의 {BALL_POWER}이 감소한다."
,
,
,
SPEC_SE_OPENING/TITLE,{QUICK_ATTACK} 전문
SPEC_SE_OPENING/DES,"{TOSS_QUICK}를 올릴 때, 이어지는 {SPIKE}의 {BALL_POWER}이 증가한다. 그 이외의 {TOSS}에서 이어지는 {SPIKE}의 {BALL_POWER}이 감소한다."
,
,
,
SPEC_ISABEL_PARRY_CHARGE/TITLE,{SKILL/PARRY/TITLE} {GAUGE} {CHARGED_COUNT}
SPEC_ISABEL_PARRY_CHARGE/DES,{ISABEL} {EXCLUSIVE}. {SKILL/PARRY/TITLE} {GAUGE}를 담아둘 수 있는 양이 증가한다.
,
SPEC_ISABEL_PARRY_DRAIN/TITLE,{SKILL/PARRY/TITLE} 분할 소모
SPEC_ISABEL_PARRY_DRAIN/DES,매 {SPIKE}마다 {SKILL/PARRY/TITLE} {GAUGE}를 조금씩 소모한다.
,
SPEC_ATTACK_GATE_1/TITLE,{ATTACK} 심화
SPEC_ATTACK_GATE_1/DES,{ATTACK} {SPECIALIZATION}를 개방하는 {CORE}. 기본 {STRENGTH}이 증가한다.
SPEC_ATTACK_GATE_1/POS_EFF/STAT_MODIFIER/ATTACK_POWER/DES,{STRENGTH} +{value}
SPEC_DEFENSE_GATE_1/TITLE,{DEFEND} 심화
SPEC_DEFENSE_GATE_1/DES,{DEFEND} {SPECIALIZATION}를 개방하는 {CORE}. 기본 {DEFENSE}이 증가한다.
SPEC_DEFENSE_GATE_1/POS_EFF/STAT_MODIFIER/DEFENSE_POWER/DES,{DEFENSE} +{value}
SPEC_IDENTITY_GATE_1/TITLE,{IDENTITY} 심화
SPEC_IDENTITY_GATE_1/DES,{IDENTITY} {SPECIALIZATION}를 개방하는 {CORE}. 기본 {SPEED}가 증가한다.
SPEC_IDENTITY_GATE_1/POS_EFF/STAT_MODIFIER/SPEED/DES,{SPEED} +{value}
SPEC_JUMP_TRADE_OFF/TITLE,조금만 더 높이
SPEC_JUMP_TRADE_OFF/DES,"기본 {JUMP}이 증가하지만, {SPIKE}의 {BALL_POWER}이 감소한다."
SPEC_JUMP_TRADE_OFF/POS_EFF/STAT_MODIFIER/JUMP_POWER/DES,{JUMP} +{value}
SPEC_JUMP_TRADE_OFF/NEG_EFF/STAT_MODIFIER/SPIKE_POWER/DES,{SPIKE} {BALL_POWER} +{value}
SPEC_SE_PASS_FEINT/TITLE,{PASS_FEINT}
SPEC_SE_PASS_FEINT/DES,{PASS_FEINT}를 시도할 확률이 증가한다.
,
SPEC_SE_PASS_FEINT/NEG_EFF/STAT_MODIFIER/RECEIVE_DEFENSE_RANGE/DES,{RECEIVE} {DEFEND_RANGE} +{value}
SPEC_SE_SURPRISE_SPIKE/TITLE,{SURPRISE}
SPEC_SE_SURPRISE_SPIKE/DES,{SECOND_TOUCH} 상황에서 {TOSS} 대신 {SPIKE}를 시도할 확률이 증가한다.
,
SPEC_SE_SURPRISE_SPIKE/NEG_EFF/STAT_MODIFIER/DEFENSE_POWER/DES,{DEFENSE} +{value}
SPEC_JAEHYUN_COOL_HEADED/TITLE,{NAM_JAEHYUN} : 냉정
SPEC_JAEHYUN_COOL_HEADED/DES,{SKILL/DETERMINATION/TITLE} 발동 조건이 {STAMINA} 40%일 때로 변경된다.#{SKILL/DETERMINATION/TITLE} 발동 중 {DEFENSE}과 {SPEED}가 증가한다.
,
,
,
,
SPEC_YEONGSUB_BLOCK_OUT/TITLE,{LEE_YOUNGSEOB} : {BLOCK_SOFT} 상황 {SPIKE}
SPEC_YEONGSUB_BLOCK_OUT/DES,"{SPIKE}가 상대의 {BLOCK_SOFT}에 닿을 때, {BALL}이 튕겨져 나가는 속도가 증가한다."
,
SPEC_SEOLHWA_COURT_CONTROL/TITLE,{HAN_SOLHWA} : {COURT} 장악
SPEC_SEOLHWA_COURT_CONTROL/DES,"{SURPRISE}의 {SKILL_COOLDOWN}이 증가하고, {ON_GROUND}에 있을 때에만 사용할 수 있게 된다.#{SURPRISE}의 {SKILL_DURATION} 동안 모든 {PLAYER_TEAM_ALLY}의 {ATTACK}이 {BLOCKING}을 무시한다."
SPEC_SEOLHWA_COURT_CONTROL/NEG_EFF/STAT_MODIFIER/TRAIT_COOLDOWN/DES,{SKILL_COOLDOWN} +{value}
SPEC_CORNERED/TITLE,궁지
SPEC_CORNERED/DES,{STAMINA}가 일정 수치 이하일 때 {SLIDING_WAKEUP_SPEED}가 증가한다.
SPEC_CORNERED/SKILLFEATURE/CORNERED_SLIDING_POWER/SLIDING_RECOVERY_SPEED/DES,해당 상황에서 {SLIDING_WAKEUP_SPEED} +[SLIDING_RECOVERY_SPEED]
SPEC_CORNERED/SKILLFEATURE/CORNERED_SLIDING_POWER/CORNERED_STAMINA_CONDITION/DES,{STAMINA}가 [CORNERED_STAMINA_CONDITION] 이하일 때 발동
SPEC_MB_BLOCKING_REGEN/TITLE,여유를 주는 {ONE_TOUCH}
SPEC_MB_BLOCKING_REGEN/DES,{ONE_TOUCH} {BLOCKING}을 성공할 시 {STAMINA}를 회복한다.
SPEC_MB_BLOCKING_REGEN/NEG_EFF/STAT_MODIFIER/SPEED/DES,{SPEED} +{value}
,
SPEC_MB_SPEAR_LINK/TITLE,{COURT}를 가르는 {QUICK_ATTACK}
SPEC_MB_SPEAR_LINK/DES,{TOSS_QUICK} 상황에서 시도하는 {SPIKE}의 {BALL_POWER}이 증가한다.
SPEC_MB_SPEAR_LINK/NEG_EFF/STAT_MODIFIER/DEFENSE_POWER/DES,{DEFENSE} +{value}
SPEC_MB_SPEAR_LINK/NEG_EFF/STAT_MODIFIER/SPEED/DES,{SPEED} +{value}
,
SPEC_FLOATER_SERVE_RECEIVE/TITLE,{INGAME/SERVE/JUMP_FLOATER} {DEFEND} {STABILITY}
SPEC_FLOATER_SERVE_RECEIVE/DES,{INGAME/SERVE/JUMP_FLOATER}에 대한 전반적인 {DEFEND} 능력이 증가한다.
,
,
SPEC_FLOATER_SERVE_RECEIVE/SKILLFEATURE/FLOATER_SERVE_RECEIVE/STAMINA_DAMAGE_REDUCTION/DES,{INGAME/SERVE/JUMP_FLOATER} {DEFEND} 시 {STAMINA} {DAMAGE} 감소량 +[STAMINA_DAMAGE_REDUCTION]
SPEC_FLOATER_SERVE_RECEIVE/SKILLFEATURE/FLOATER_SERVE_RECEIVE/MENTAL_DAMAGE_REDUCTION/DES,{INGAME/SERVE/JUMP_FLOATER} {DEFEND} 시 {MENTAL} {DAMAGE} 감소량 +[MENTAL_DAMAGE_REDUCTION]
SPEC_YEONGSUB_ACE/TITLE,{LEE_YOUNGSEOB} : {TEAM}을 이끄는 에이스
SPEC_YEONGSUB_ACE/DES,{LEE_YOUNGSEOB}이 {SPIKE}를 칠 때마다 다른 {PLAYER_TEAM_ALLY}들의 {ACTIVE_SKILL} {SKILL_COOLDOWN}이 1{SEC} 감소한다.
,
SPEC_BLOCKING_RANGE/TITLE,{ONE_TOUCH} {JUDGE_TIME}
SPEC_BLOCKING_RANGE/DES,{GOOD_BLOCKING}의 {JUDGE_TIME}이 증가한다.
SPEC_BLOCKING_RANGE/POS_EFF/STAT_MODIFIER/BLOCKING_GOOD_RANGE/DES,{ONE_TOUCH} {JUDGE_TIME} +{value}
SPEC_BLOCKING_RANGE/POS_EFF/STAT_MODIFIER/BLOCKING_BAD_RANGE/DES,{BAD_BLOCKING} {JUDGE_TIME} {value}
SPEC_SPIKE_CRITICAL_PROBABILITY/TITLE,{CRITICAL} 확률
SPEC_SPIKE_CRITICAL_PROBABILITY/DES,{CRITICAL} {SPIKE}의 {ACTIVATION_CHANCE}이 증가한다.
SPEC_SPIKE_CRITICAL_PROBABILITY/POS_EFF/STAT_MODIFIER/SPIKE_CRITICAL_PROBABILITY/DES,{ACTIVATION_CHANCE} +{value}
SPEC_SECOND_TOSS_VERTICAL_SPEED/TITLE,{TOSS_OUT} 높이
SPEC_SECOND_TOSS_VERTICAL_SPEED/DES,{TOSS_OUT}의 높이가 증가한다.
SPEC_SECOND_TOSS_VERTICAL_SPEED/POS_EFF/STAT_MODIFIER/SECOND_TOSS_VERTICAL_SPEED/DES,{TOSS_OUT} 높이 보정 +{value}
SPEC_WEAK_BLOCKING_RANGE/TITLE,{STUFF_BLOCK} {RANGE} 감소
SPEC_WEAK_BLOCKING_RANGE/DES,{STUFF_BLOCK} {JUDGE_TIME}이 감소한다.
SPEC_WEAK_BLOCKING_RANGE/NEG_EFF/STAT_MODIFIER/BLOCKING_PERFECT_RANGE/DES,{STUFF_BLOCK} {JUDGE_TIME} +{value}
SPEC_ATIS_SLIDING_RECOVERY/TITLE,{ARTIS}: {SLIDING_WAKEUP_SPEED}
SPEC_ATIS_SLIDING_RECOVERY/DES,{SLIDING_WAKEUP_SPEED}가 증가한다.
SPEC_ATIS_SLIDING_RECOVERY/POS_EFF/STAT_MODIFIER/SLIDING_RECOVERY_SPEED/DES,{SLIDING_WAKEUP_SPEED} +{value}
SPEC_BACK_NET_POSITION/TITLE,{COURT_BACK} {DEFEND} 집중
SPEC_BACK_NET_POSITION/DES,"{ROTATION}에 의해 {COURT_BACK}에 있을 때, 더 뒤쪽에서 {DEFEND}를 준비해 {LINE_END} 근처를 노리는 {SPIKE}에 대비한다."
SPEC_BACK_NET_POSITION/POS_EFF/STAT_MODIFIER/BACK_NET_POSITION/DES,{COURT_BACK}에서 더 뒤쪽 수비
SPEC_FRONT_NET_POSITION/TITLE,{COURT_FRONT} {DEFEND} 집중
SPEC_FRONT_NET_POSITION/DES,"{ROTATION}에 의해 {COURT_FRONT}에 있을 때, 더 앞쪽에서 {DEFEND}를 준비해 {NET} 근처를 노리는 {SPIKE}에 대비한다."
SPEC_FRONT_NET_POSITION/POS_EFF/STAT_MODIFIER/FRONT_NET_POSITION/DES,{COURT_FRONT}에서 더 앞쪽 수비
SPEC_MB_SLIDING_RECOVERY/TITLE,{SLIDING_WAKEUP_SPEED}
SPEC_MB_SLIDING_RECOVERY/DES,{SLIDING_WAKEUP_SPEED}가 증가한다.
SPEC_MB_SLIDING_RECOVERY/POS_EFF/STAT_MODIFIER/SLIDING_RECOVERY_SPEED/DES,{SLIDING_WAKEUP_SPEED} +{value}
SPEC_SE_SARA_ATTACK_INSTINCT/TITLE,{ATTACK} 본능
SPEC_SE_SARA_ATTACK_INSTINCT/DES,{SECOND_TOUCH} 상황에서 {TOSS} 대신 {SPIKE}를 시도할 확률이 증가한다.
SPEC_SE_SARA_ATTACK_INSTINCT/NEG_EFF/STAT_MODIFIER/DEFENSE_POWER/DES,{DEFENSE} +{value}
,
SPEC_SE_SPEED_RETENTION/TITLE,{SPEED} {ENDURANCE}
SPEC_SE_SPEED_RETENTION/DES,{RALLY} 지속에 의한 {SPEED} 감소량이 감소한다.
SPEC_SE_SPEED_RETENTION/POS_EFF/STAT_MODIFIER/SPEED_RETENTION/DES,{SPEED} {ENDURANCE} +{value}
SPEC_AP_GRANT/DES,{GAIN_AP} +{value}
특화 노드 고유 명사,
SKILL_DURATION,지속 시간
SKILL_COOLDOWN,대기 시간
AIR_MOVE_SPEED,{AIR} {MOVE_SPEED}
DIRECT_SPIKE,다이렉트 스파이크
MULTIPLE_SWING,멀티플 스윙
GOOD_RECEIVE,Good 리시브
TOSS_QUICK,속공 토스
MISS_TOSS,토스 미스
ACTIVATION_CHANCE,발생 확률
EFFECT_VALUE,효과 수치
PENALTY_VALUE,단점 수치
SKILL_VALUE,스킬 수치
ALL_LEVEL,모든 레벨
READY_SPEED,준비 속도
DROP_SPEED,낙하 속도
MOVE_SPEED,이동 속도
JUDGE_LENGTH,판정 길이
STUFF_BLOCK,킬블록
ONE_TOUCH,원터치
SPECIALIZATION,특화
PROTECTION,보호력
ENDURANCE,유지력
WEAKNESS,약화
MENTAL,정신력
REGEN,자연 회복량
ROLLING,롤링
STABILITY,안정성
DAMPING,완충
RESIST,저항
WINDUP,동작 시간
DISTANCE,거리
ANGLE,각도
RANGE,범위
STACK,중첩
FORGE,단조
AGILITY,순발력
CHANCE,찬스
EXCLUSIVE,전용
CORE,코어
AIR,공중
LEVEL,레벨
AP,AP
BACK_ATTACKER,백어택커
GAIN_AP,획득 AP
,
KEEP_TIME,유지시간
IDENTITY,개성
DAMAGE,피해
STANCE,자세
MAX_VALUE,최대치
FIXED_VALUE,고정 수치
INCREASE,증가분
SURPRISE,기습
ELITE_RULE,엘리트 룰
HAND_TIP,손 끝
BLOCK_IGNORE,{BLOCKING} 무시
SECOND_TOUCH,두 번째 {TOUCH}
QUICK_ATTACK,속공
GOOD_BLOCKING,Good 블로킹
BAD_BLOCKING,Bad 블로킹
CRITICAL,크리티컬
JUDGE_TIME,판정 시간
BLOCK_JUMP,블로킹 점프
SPIKE_JUMP,스파이크 점프
RECOVERY_AMOUNT,회복량
,
,
,
특화 노드 도움말 설명(statusKey),
SPEC_KEY/ATTACK_POWER/TITLE,{STRENGTH}
SPEC_KEY/ATTACK_POWER/DES,모든 {ATTACK}에 적용되는 기본 {STRENGTH}
SPEC_KEY/SPIKE_POWER/TITLE,{SPIKE} {BALL_POWER}
SPEC_KEY/SPIKE_POWER/DES,{SPIKE} 한 방의 {BALL_POWER}
SPEC_KEY/SERVE_ATTACK_POWER/TITLE,{SERVE} {STRENGTH}
SPEC_KEY/SERVE_ATTACK_POWER/DES,{SERVE}로 넘긴 {BALL}의 {STRENGTH}
SPEC_KEY/FRONT_ROW_ATTACK_POWER/TITLE,{COURT_FRONT} {STRENGTH}
SPEC_KEY/FRONT_ROW_ATTACK_POWER/DES,{COURT_FRONT}에서 {SPIKE} 시의 {STRENGTH}
,
SPEC_KEY/BACK_ATTACK_SPIKE_POWER/TITLE,{ATTACK_BACK} {SPIKE} {BALL_POWER}
SPEC_KEY/BACK_ATTACK_SPIKE_POWER/DES,{ATTACK_BACK} {SPIKE}의 {BALL_POWER}
,
SPEC_KEY/MENTAL_DAMAGE/TITLE,{MENTAL} {DAMAGE}
SPEC_KEY/MENTAL_DAMAGE/DES,상대 {MENTAL}을 깎는 양
SPEC_KEY/SPIN/TITLE,{BALL_SPIN}
SPEC_KEY/SPIN/DES,공 {BALL_SPIN}. 궤도 변화량
SPEC_KEY/SPIKE_SWING_RANGE/TITLE,{SPIKE} {SWING} {RANGE}
SPEC_KEY/SPIKE_SWING_RANGE/DES,{SPIKE} {SWING}이 {BALL}을 잡는 {RANGE}
SPEC_KEY/SPIKE_ANGLE/TITLE,{SPIKE} {ANGLE}
SPEC_KEY/SPIKE_ANGLE/DES,{SPIKE}를 꽂을 수 있는 {ANGLE} 폭
SPEC_KEY/SLIDING_PENETRATION/TITLE,{SLIDING_PENETRATION}
SPEC_KEY/SLIDING_PENETRATION/DES,{SLIDING} {DEFEND}를 뚫고 나가는 정도
SPEC_KEY/DEFENSE_POWER/TITLE,{DEFENSE}
SPEC_KEY/DEFENSE_POWER/DES,모든 {DEFEND}에 적용되는 기본 {DEFENSE}
SPEC_KEY/SERVE_DEFENSE_POWER/TITLE,{SERVE} {DEFENSE}
SPEC_KEY/SERVE_DEFENSE_POWER/DES,상대 {SERVE}를 받을 때의 {DEFENSE}
SPEC_KEY/BACK_ATTACK_DEFENSE_POWER/TITLE,{ATTACK_BACK} {DEFENSE}
SPEC_KEY/BACK_ATTACK_DEFENSE_POWER/DES,상대 {ATTACK_BACK}을 받을 때의 {DEFENSE}
SPEC_KEY/FEINT_DEFENSE_POWER/TITLE,{FEINT} {DEFENSE}
SPEC_KEY/FEINT_DEFENSE_POWER/DES,상대 {FEINT}를 받을 때의 {DEFENSE}
SPEC_KEY/RECEIVE_DEFENSE_RANGE/TITLE,{RECEIVE} {DEFEND_RANGE}
SPEC_KEY/RECEIVE_DEFENSE_RANGE/DES,{RECEIVE}의 {DEFEND_RANGE}
SPEC_KEY/SLIDING_DEFENSE_RANGE/TITLE,{SLIDING} {DEFEND_RANGE}
SPEC_KEY/SLIDING_DEFENSE_RANGE/DES,{SLIDING}의 {DEFEND_RANGE}
SPEC_KEY/SLIDING_RESISTANCE/TITLE,{SLIDING} {PROTECTION}
SPEC_KEY/SLIDING_RESISTANCE/DES,{SLIDING} 중 받는 {DAMAGE} 감소
SPEC_KEY/SLIDING_ENDURANCE/TITLE,{SLIDING} {ENDURANCE}
SPEC_KEY/SLIDING_ENDURANCE/DES,{SLIDING} {STANCE}를 유지하는 정도
SPEC_KEY/SLIDING_RECOVERY_SPEED/TITLE,{SLIDING_WAKEUP_SPEED}
SPEC_KEY/SLIDING_RECOVERY_SPEED/DES,{SLIDING} 후 일어나는 속도
SPEC_KEY/GOOD_RECEIVE_BALL_STABILITY/TITLE,{GOOD_RECEIVE} {BALL} {STABILITY}
SPEC_KEY/GOOD_RECEIVE_BALL_STABILITY/DES,{GOOD_RECEIVE} 판정일 때 올라가는 {BALL}의 {STABILITY}
,
SPEC_KEY/RECEIVE_ROLL_RESISTANCE/TITLE,{RECEIVE} {ROLLING} {RESIST}
SPEC_KEY/RECEIVE_ROLL_RESISTANCE/DES,{RECEIVE} 후 구르지 않는 정도. 높을수록 안 구른다
SPEC_KEY/BLOCK_JUMP/TITLE,{BLOCKING} {JUMP}
SPEC_KEY/BLOCK_JUMP/DES,{BLOCKING} {JUMP} 높이
SPEC_KEY/BLOCK_READY_SPEED/TITLE,{BLOCKING} {READY_SPEED}
SPEC_KEY/BLOCK_READY_SPEED/DES,{BLOCKING} {STANCE}를 잡는 속도
SPEC_KEY/BLOCK_RESISTANCE/TITLE,{BLOCKING} {PROTECTION}
SPEC_KEY/BLOCK_RESISTANCE/DES,{BLOCKING} 중 받는 {DAMAGE} 감소
SPEC_KEY/SPEED/TITLE,{SPEED}
SPEC_KEY/SPEED/DES,{SPEED} 스테이터스
SPEC_KEY/SPEED_RETENTION/TITLE,{SPEED} {ENDURANCE}
SPEC_KEY/SPEED_RETENTION/DES,{RALLY}가 길어져도 속도가 유지되는 정도
SPEC_KEY/OFF_COURT_MOVE_SPEED/TITLE,{COURT} 밖 {MOVE_SPEED}
SPEC_KEY/OFF_COURT_MOVE_SPEED/DES,{COURT} 밖에서의 {MOVE_SPEED}
,
SPEC_KEY/AIR_MOVE_SPEED/TITLE,{AIR} {MOVE_SPEED}
SPEC_KEY/AIR_MOVE_SPEED/DES,{AIR}에서의 {MOVE_SPEED}
,
SPEC_KEY/JUMP_POWER/TITLE,{JUMP}
SPEC_KEY/JUMP_POWER/DES,{JUMP} 높이 전반
SPEC_KEY/SPIKE_JUMP_POWER/TITLE,{SPIKE} {JUMP}
SPEC_KEY/SPIKE_JUMP_POWER/DES,{SPIKE} {JUMP} 높이
SPEC_KEY/FEINT_DROP_SPEED/TITLE,{FEINT} {DROP_SPEED}
SPEC_KEY/FEINT_DROP_SPEED/DES,{FEINT}로 넘긴 {BALL}이 떨어지는 속도
SPEC_KEY/STAMINA_FLAT/TITLE,{STAMINA} 고정
SPEC_KEY/STAMINA_FLAT/DES,{STAMINA} 최대치 고정 증가분
,
SPEC_KEY/STAMINA_REGEN/TITLE,{STAMINA} {REGEN}
SPEC_KEY/STAMINA_REGEN/DES,{STAMINA} {REGEN}
SPEC_KEY/MENTAL_REGEN/TITLE,{MENTAL} {REGEN}
SPEC_KEY/MENTAL_REGEN/DES,{MENTAL} {REGEN}
,
SPEC_KEY/FOCUS_DURATION/TITLE,{FOCUS} {CONDITION} {KEEP_TIME}
SPEC_KEY/FOCUS_DURATION/DES,{FOCUS} {CONDITION}이 유지되는 시간
,
SPEC_KEY/ANGRY_DURATION/TITLE,{ANGRY} {CONDITION} {KEEP_TIME}
SPEC_KEY/ANGRY_DURATION/DES,{ANGRY} {CONDITION}이 유지되는 시간
,
SPEC_KEY/TRAIT_COOLDOWN/TITLE,{SKILL_COOLDOWN}
SPEC_KEY/TRAIT_COOLDOWN/DES,{SKILL_COOLDOWN}
SPEC_KEY/TRAIT_DURATION/TITLE,{SKILL_DURATION}
SPEC_KEY/TRAIT_DURATION/DES,특성 효과가 지속되는 시간
SPEC_KEY/PARRY_GAUGE_CAPACITY/TITLE,{SKILL/PARRY/TITLE} {GAUGE} {CHARGED_COUNT}
SPEC_KEY/PARRY_GAUGE_CAPACITY/DES,{ISABEL} {EXCLUSIVE}. {SKILL/PARRY/TITLE} {GAUGE}를 담아 두는 최대량
SPEC_KEY/APPROACH_SECONDS/TITLE,{NET} 방향 이동 최소 시간
SPEC_KEY/APPROACH_SECONDS/DES,{NET} 방향 이동을 인정하는 최소 시간
SPEC_KEY/CHARGE_SECONDS/TITLE,{BLOCKING} {JUMP} {CHARGE} 시간
SPEC_KEY/CHARGE_SECONDS/DES,{BLOCKING} {JUMP} {CHARGE}를 인정하는 최소 시간
,
SPEC_KEY/REUSE_TOUCHES/TITLE,재사용 {TOUCH} 수
SPEC_KEY/REUSE_TOUCHES/DES,효과를 다시 쓸 수 있게 되기까지 필요한 {TOUCH} 수
SPEC_KEY/STACK_PER_STUFF_BLOCK/TITLE,{STUFF_BLOCK} 당 {STACK}
SPEC_KEY/STACK_PER_STUFF_BLOCK/DES,{STUFF_BLOCK} 한 번에 쌓이는 {STACK} 수
,
SPEC_KEY/STACK_PER_ONE_TOUCH/TITLE,{ONE_TOUCH} 당 {STACK}
SPEC_KEY/STACK_PER_ONE_TOUCH/DES,{ONE_TOUCH} 한 번에 쌓이는 {STACK} 수
,
SPEC_KEY/MAX_STACKS/TITLE,최대 {STACK}
SPEC_KEY/MAX_STACKS/DES,쌓을 수 있는 최대 {STACK} 수
SPEC_KEY/ATTACK_POWER_PER_STACK/TITLE,{STACK} 당 {STRENGTH}
SPEC_KEY/ATTACK_POWER_PER_STACK/DES,{STACK} 1중첩당 오르는 {STRENGTH}
SPEC_KEY/AIR_ATTACK_POWER_CHARGED/TITLE,{CHARGE} 성공 시 {AIR} {STRENGTH}
SPEC_KEY/AIR_ATTACK_POWER_CHARGED/DES,{CHARGE}를 채우고 뛰었을 때 {JUMP} 중 {STRENGTH}
,
SPEC_KEY/AIR_ATTACK_POWER_UNCHARGED/TITLE,{CHARGE} 실패 시 {AIR} {STRENGTH}
SPEC_KEY/AIR_ATTACK_POWER_UNCHARGED/DES,{CHARGE}를 못 채우고 뛰었을 때 {JUMP} 중 {STRENGTH}
,
SPEC_KEY/BLOCK_JUMP_UNCHARGED/TITLE,{CHARGE} 실패 시 {BLOCKING} {JUMP}
SPEC_KEY/BLOCK_JUMP_UNCHARGED/DES,{CHARGE}를 못 채우고 뛰었을 때 {BLOCKING} {JUMP} 높이
,
SPEC_KEY/ASSISTED_SPIKE_POWER/TITLE,보조 {SPIKE} {BALL_POWER}
SPEC_KEY/ASSISTED_SPIKE_POWER/DES,내가 올린 {BALL}을 {TEAM}이 때릴 때의 {BALL_POWER}
SPEC_KEY/ASSISTED_SPIKE_POWER_OPEN/TITLE,{TOSS_OPEN} 보조 {SPIKE} {BALL_POWER}
SPEC_KEY/ASSISTED_SPIKE_POWER_OPEN/DES,내가 올린 {TOSS_OPEN}를 때릴 때의 {BALL_POWER}
,
SPEC_KEY/ASSISTED_SPIKE_POWER_QUICK/TITLE,{TOSS_QUICK} 보조 {SPIKE} {BALL_POWER}
SPEC_KEY/ASSISTED_SPIKE_POWER_QUICK/DES,내가 올린 {TOSS_QUICK}를 때릴 때의 {BALL_POWER}
,
SPEC_KEY/ASSISTED_SPIKE_POWER_OTHER/TITLE,그 외 {TOSS} 보조 {SPIKE} {BALL_POWER}
SPEC_KEY/ASSISTED_SPIKE_POWER_OTHER/DES,해당 {TOSS}가 아닌 {BALL}을 때릴 때의 {BALL_POWER}
,
SPEC_KEY/MAX_SWING_PER_JUMP/TITLE,{JUMP}당 최대 {SWING}
SPEC_KEY/MAX_SWING_PER_JUMP/DES,한 번의 {JUMP}에서 낼 수 있는 {SWING} 수
,
SPEC_KEY/PARRY_DRAIN_PER_SPIKE/TITLE,{SPIKE}당 {SKILL/PARRY/TITLE} {GAUGE} 소모량
SPEC_KEY/PARRY_DRAIN_PER_SPIKE/DES,{SPIKE} 한 번에 떼어 쓰는 {SKILL/PARRY/TITLE} {GAUGE} 비율
SPEC_KEY/PASS_FEINT/TITLE,{PASS_FEINT}
SPEC_KEY/PASS_FEINT/DES,{SE}가 {PASS_FEINT}를 시도할 확률
,
SPEC_KEY/SURPRISE_SPIKE/TITLE,{SURPRISE} {SPIKE}
SPEC_KEY/SURPRISE_SPIKE/DES,{SE} {SURPRISE} {SPIKE} 확률
,
SPEC_KEY/ONETOUCH_STAMINA_REGEN/TITLE,{ONE_TOUCH} {STAMINA} {REGEN}
SPEC_KEY/ONETOUCH_STAMINA_REGEN/DES,{MB}가 {ONE_TOUCH} {BLOCKING} 성공 시 회복되는 {TEAM} {STAMINA}
,
SPEC_KEY/YEONGSUB_SPIKE_POWER/TITLE,{LEE_YOUNGSEOB} {SPIKE} {BALL_POWER}
SPEC_KEY/YEONGSUB_SPIKE_POWER/DES,{LEE_YOUNGSEOB} {SPIKE}가 상대 {BLOCKING} 맞고 튕겨나가는 정도
SPEC_KEY/BLOCKING_GOOD_RANGE/TITLE,{GOOD_BLOCKING} {JUDGE_TIME}
SPEC_KEY/BLOCKING_GOOD_RANGE/DES,{ONE_TOUCH} {JUDGE_TIME}
,
SPEC_KEY/BLOCKING_BAD_RANGE/TITLE,{BAD_BLOCKING} {JUDGE_TIME}
SPEC_KEY/BLOCKING_BAD_RANGE/DES,{BAD_BLOCKING} {JUDGE_TIME}
,
SPEC_KEY/BLOCKING_PERFECT_RANGE/TITLE,{STUFF_BLOCK} {JUDGE_TIME}
SPEC_KEY/BLOCKING_PERFECT_RANGE/DES,{STUFF_BLOCK} {JUDGE_TIME}
SPEC_KEY/SPIKE_CRITICAL_PROBABILITY/TITLE,{SPIKE} {CRITICAL} 확률
SPEC_KEY/SPIKE_CRITICAL_PROBABILITY/DES,{SPIKE}시 {BALL_POWER}을 높여주는 {CRITICAL} 확률
,
SPEC_KEY/SECOND_TOSS_VERTICAL_SPEED/TITLE,{TOSS_OUT} 수직 속력
SPEC_KEY/SECOND_TOSS_VERTICAL_SPEED/DES,{TOSS_OUT}의 수직 속력
,
SPEC_KEY/MENTAL_DAMAGE_REDUCTION/TITLE,{MENTAL} {DAMAGE} 감소량
SPEC_KEY/MENTAL_DAMAGE_REDUCTION/DES,{MENTAL} {DAMAGE}를 감소시키는 비율
SPEC_KEY/STAMINA_DAMAGE_REDUCTION/TITLE,{STAMINA} {DAMAGE} 감소량
SPEC_KEY/STAMINA_DAMAGE_REDUCTION/DES,{STAMINA} {DAMAGE}를 감소시키는 비율
SPEC_KEY/BACK_NET_POSITION/TITLE,{LINE_END} 근처 {COURT_BACK} 위치
SPEC_KEY/BACK_NET_POSITION/DES,{ROTATION}에 의해 {LINE_END} 근처 {COURT_BACK}에 배치되었을 때의 위치
,
SPEC_KEY/CARELESS_DURATION/TITLE,{CARELESS} {CONDITION} {KEEP_TIME}
SPEC_KEY/CARELESS_DURATION/DES,{CARELESS} {CONDITION}이 유지되는 시간
SPEC_KEY/CORNERED_STAMINA_CONDITION/TITLE,{SPEC_CORNERED/TITLE} {ACTIVATE} {STAMINA}
SPEC_KEY/CORNERED_STAMINA_CONDITION/DES,{SPEC_CORNERED/TITLE}를 {ACTIVATE}하기 위한 {STAMINA} {CONDITION}
SPEC_KEY/FLOATER_SERVE_DEFENSE_POWER/TITLE,{INGAME/SERVE/JUMP_FLOATER} {DEFENSE}
SPEC_KEY/FLOATER_SERVE_DEFENSE_POWER/DES,{INGAME/SERVE/JUMP_FLOATER}를 {DEFEND}할 때의 {DEFENSE}
SPEC_KEY/FRONT_NET_POSITION/TITLE,{LINE_ATTACK} 근처 {COURT_BACK} 위치
SPEC_KEY/FRONT_NET_POSITION/DES,{ROTATION}에 의해 {LINE_ATTACK} 근처 {COURT_BACK}에 배치되었을 때의 위치
,
SPEC_KEY/SAD_DURATION/TITLE,{SAD} {CONDITION} {KEEP_TIME}
SPEC_KEY/SAD_DURATION/DES,{SAD} {CONDITION}이 유지되는 시간
,
,
,
,
,
,
,
,
,
SPEC_MULTIPLE_SWING/SKILLFEATURE/MULTIPLE_SWING/DES,최대 {SWING} 횟수 : [MAX_SWING_PER_JUMP]
SPEC_WS_CLOSER/SKILLFEATURE/OPEN_TOSS_SPIKE_POWER/DES,해당 상황에서 {STRENGTH} +[SPIKE_POWER]
SPEC_WS_PREDATOR/SKILLFEATURE/APPROACH_SECONDS/DES,{NET} 방향 이동 최소 시간 : [APPROACH_SECONDS]#{SPIKE} {BALL_POWER} +[SPIKE_POWER]
SPEC_WS_CHANCE_SPIKE_POWER/SKILLFEATURE/CHANCE_SPIKE_POWER/ACTIVATION_CHANCE/DES,{ACTIVATION_CHANCE} : [ACTIVATION_CHANCE]
SPEC_WS_UNASSISTED_SPIKE_ATTACK_POWER/SKILLFEATURE/UNASSISTED_SPIKE_ATTACK_POWER/ACTIVATION_CHANCE/DES,{ACTIVATION_CHANCE} : [ACTIVATION_CHANCE]
SPEC_WS_DIRECT_SPIKE_POWER/SKILLFEATURE/DIRECT_SPIKE_POWER/DES,해당 상황에서 {STRENGTH} +[SPIKE_POWER]
SPEC_MB_FORGE/SKILLFEATURE/FORGE_STACK/STACK_PER_STUFF_BLOCK/DES,{STUFF_BLOCK} 시 {STACK} +[STACK_PER_STUFF_BLOCK]
SPEC_MB_FORGE/SKILLFEATURE/FORGE_STACK/STACK_PER_ONE_TOUCH/DES,{ONE_TOUCH} 시 {STACK} +[STACK_PER_ONE_TOUCH]
SPEC_MB_FORGE/SKILLFEATURE/FORGE_STACK/MAX_STACKS/DES,최대 {STACK} : [MAX_STACKS]
SPEC_MB_FORGE/SKILLFEATURE/FORGE_STACK/ATTACK_POWER_PER_STACK/DES,{STACK} 당 {STRENGTH} +[ATTACK_POWER_PER_STACK]
SPEC_MB_PRECISE_BLOCK/SKILLFEATURE/CHARGED_BLOCK_JUMP/CHARGE_SECONDS/DES,{CHARGE} 시간 : [CHARGE_SECONDS]
SPEC_MB_PRECISE_BLOCK/SKILLFEATURE/CHARGED_BLOCK_JUMP/AIR_ATTACK_POWER_CHARGED/DES,{CHARGE} 완료 시 {AIR} {STRENGTH} +[AIR_ATTACK_POWER_CHARGED]
SPEC_MB_PRECISE_BLOCK/SKILLFEATURE/CHARGED_BLOCK_JUMP/AIR_ATTACK_POWER_UNCHARGED/DES,{CHARGE} 부족 시 {AIR} {STRENGTH} +[AIR_ATTACK_POWER_UNCHARGED]
SPEC_MB_PRECISE_BLOCK/SKILLFEATURE/CHARGED_BLOCK_JUMP/BLOCK_JUMP_UNCHARGED/DES,{CHARGE} 부족 시 {BLOCK_JUMP} +[BLOCK_JUMP_UNCHARGED]
SPEC_SE_ONE_SHOT/SKILLFEATURE/ASSIST_OPEN_TOSS/REUSE_TOUCHES/DES,재사용 {TOUCH} 수 : [REUSE_TOUCHES]
SPEC_SE_ONE_SHOT/SKILLFEATURE/ASSIST_OPEN_TOSS/ASSISTED_SPIKE_POWER_OPEN/DES,{TOSS_OPEN} 시 {SPIKE} {BALL_POWER} +[ASSISTED_SPIKE_POWER_OPEN]
SPEC_SE_ONE_SHOT/SKILLFEATURE/ASSIST_OPEN_TOSS/ASSISTED_SPIKE_POWER_OTHER/DES,그 외 {TOSS} 시 {SPIKE} {BALL_POWER} +[ASSISTED_SPIKE_POWER_OTHER]
SPEC_SE_OPENING/SKILLFEATURE/ASSIST_QUICK_TOSS/REUSE_TOUCHES/DES,재사용 {TOUCH} 수 : [REUSE_TOUCHES]
SPEC_SE_OPENING/SKILLFEATURE/ASSIST_QUICK_TOSS/ASSISTED_SPIKE_POWER_QUICK/DES,{TOSS_QUICK} 시 {SPIKE} {BALL_POWER} +[ASSISTED_SPIKE_POWER_QUICK]
SPEC_SE_OPENING/SKILLFEATURE/ASSIST_QUICK_TOSS/ASSISTED_SPIKE_POWER_OTHER/DES,그 외 {TOSS} 시 {SPIKE} {BALL_POWER} +[ASSISTED_SPIKE_POWER_OTHER]
SPEC_ISABEL_PARRY_CHARGE/SKILLFEATURE/ISABEL_PARRY_CHARGE/DES,{SKILL/PARRY/TITLE} {GAUGE} {CHARGED_COUNT} +[PARRY_GAUGE_CAPACITY]
SPEC_ISABEL_PARRY_DRAIN/SKILLFEATURE/PARRY_SPIKE_DRAIN/DES,{SPIKE}당 {SKILL/PARRY/TITLE} {GAUGE} 소모량 : [PARRY_DRAIN_PER_SPIKE]
SPEC_SE_PASS_FEINT/SKILLFEATURE/PASS_FEINT/DES,{PASS_FEINT} 확률 +[PASS_FEINT]
SPEC_SE_SURPRISE_SPIKE/SKILLFEATURE/SURPRISE_SPIKE/DES,{ATTACK_TWO} 확률 +[SURPRISE_SPIKE]
SPEC_JAEHYUN_COOL_HEADED/SKILLFEATURE/JAEHYUN_COOL_HEADED/DES,{SKILL/DETERMINATION/TITLE} {DEFENSE} +[DEFENSE_POWER]#{SKILL/DETERMINATION/TITLE} {SPEED} +[SPEED]
SPEC_YEONGSUB_BLOCK_OUT/SKILLFEATURE/YEONGSUB_SPIKE_POWER/DES,튕겨져 나가는 {BALL_POWER} +[YEONGSUB_SPIKE_POWER]
SPEC_MB_BLOCKING_REGEN/SKILLFEATURE/ONE_TOUCH_BLOCK_REGEN/DES,{RECOVERY_AMOUNT} : [ONETOUCH_STAMINA_REGEN]
SPEC_MB_SPEAR_LINK/SKILLFEATURE/QUICK_TOSS_SPIKE_POWER/DES,{QUICK_ATTACK} {BALL_POWER} +[SPIKE_POWER]
_SPEC_FLOATER_SERVE_RECEIVE/SKILLFEATURE/FLOATER_SERVE_RECEIVE/DES,{INGAME/SERVE/JUMP_FLOATER} {DEFEND} 상황일 때#  · {DEFENSE} +[FLOATER_SERVE_DEFENSE_POWER]#  · {STAMINA} {DAMAGE} 감소량 +[STAMINA_DAMAGE_REDUCTION]#  · {MENTAL} {DAMAGE} 감소량 +[MENTAL_DAMAGE_REDUCTION]
SPEC_FLOATER_SERVE_RECEIVE/SKILLFEATURE/FLOATER_SERVE_RECEIVE/FLOATER_SERVE_DEFENSE_POWER/DES,{INGAME/SERVE/JUMP_FLOATER} {DEFENSE} +[FLOATER_SERVE_DEFENSE_POWER]
SPEC_YEONGSUB_ACE/SKILLFEATURE/YEONGSUB_SPIKE_COOLDOWN/DES,{SKILL_COOLDOWN} +[TRAIT_COOLDOWN]
SPEC_SE_SARA_ATTACK_INSTINCT/SKILLFEATURE/SURPRISE_SPIKE/DES,{ATTACK_TWO} 확률 +[SURPRISE_SPIKE]
