KEY,포르투갈어(pt)
TUTORIAL_MISSION/BASIC_SERVE,Fazer um Saque Simples
TUTORIAL_MISSION/BLOCKING,Fazer um Bloqueio
TUTORIAL_MISSION/FEINT,Fazer uma Finta
TUTORIAL_MISSION/JUMP_FLOATER_SERVE,Fazer um Saque Flutuante em Suspensão
TUTORIAL_MISSION/MOVE_LEFT,Mover-se para a esquerda
TUTORIAL_MISSION/MOVE_RIGHT,Mover-se para a direita
TUTORIAL_MISSION/RECEIVE,Fazer uma Recepção
TUTORIAL_MISSION/SLIDING,Fazer um Peixinho
TUTORIAL_MISSION/SPIKE_SERVE,Fazer um Saque em Suspensão
TUTORIAL_MISSION/SPIKE,Fazer uma Cortada
TUTORIAL_MISSION/PERFECT_BLOCKING,Executar um Bloqueio Perfeito
BLOCK_NET_FRONT_TIP,O bloqueio deve ser feito na frente da rede!
BLOCK_FASTER_TIP,Tente saltar um pouco antes!
BLOCK_SLOWER_TIP,Tente saltar um pouco depois!
SPIKE_TWICE_TIP,Você precisa pressionar o botão de Cortada mais uma vez no ar!
SPIKE_NEAR_TIP,Você precisa saltar perto da bola!
PRACTICE_MATCH_OKAY_TIP,"Como é um jogo de treino, a pontuação do time adversário não vai aumentar!"
MOVE_FAST_AFTER_SERVE_TIP,"Depois do saque, mova-se rapidamente para dentro da quadra!#(Mova-se para a direita)"
SPIKE_NEAR_TIP_02,"Para fazer uma cortada, você precisa se aproximar da bola!"
HOLD_RECEIVE_BUTTON,Não tem problema segurar o botão de recepção!
SPIKE_JUMP_FASTER_TIP,Tarde demais! Você precisa saltar mais cedo.
SPIKE_JUMP_LATER_TIP,Cedo demais! Você precisa saltar mais tarde.
GO_FRONT_NET_TIP,Vá para a rede e prepare-se para Bloquear!
SPIKE_PRESS_LONG_TIP,Segure o botão de Cortada até o fim!
TUTORIAL_LEVEL_BASIC,Tutorial Básico
FEINT_PRESS_AIR_TIP,Pressione o botão de Finta no ar!
TUTORIAL_BASIC_MOVEMENT,Movimento Básico
TUTORIAL_MED_MOVEMENT,Movimento Comum
TUTORIAL_HARD_MOVEMENT,Movimento Avançado
TUTORIAL_BASIC_CONCEPT,Conceito Básico
,
TUTORIAL/SLOWER_MOVE,Redução da Velocidade de Movimento
TUTORIAL/SLOWER_MOVE_DES,"Quando o rali se prolonga, a velocidade de movimento de todos os jogadores diminui."
TUTORIAL/MOVE,Movimento
TUTORIAL/MOVE_DES,Tente mover-se para a esquerda e para a direita
TUTORIAL/SERVE,Saque
TUTORIAL/SERVE_DES,Pressione (n1) para sacar!
TUTORIAL/BLOCKING,Bloqueio
TUTORIAL/BLOCKING_DES,Pressione e solte (n1) na frente da rede para Bloquear!
TUTORIAL/SCOREBOARD,Ver Placar
TUTORIAL/SCOREBOARD_DES1,Você pode ver a Stamina e o placar do seu time na parte superior da tela!
TUTORIAL/SCOREBOARD_DES2,A Stamina é consumida ao defender bolas fortes.
TUTORIAL/SCOREBOARD_DES3,"Se faltar Stamina, a recepção falhará. Tome cuidado!"
TUTORIAL/JUMP_FLOATER_SERVE,Saque Flutuante em Suspensão
TUTORIAL/JUMP_FLOATER_SERVE_DES,Segure (n1) para sacar!
TUTORIAL/SPIKE,Cortada
TUTORIAL/SPIKE_DES,Pressione (n1) para saltar e (n2) para fazer uma Cortada!
TUTORIAL/RECEIVE,Recepção
TUTORIAL/RECEIVE_DES,Segure (n1) para fazer uma Recepção!
TUTORIAL/FEINT,Finta
TUTORIAL/FEINT_DES,Pressione (n1) no ar para fazer uma Finta!
TUTORIAL/SPIKE_DES2,"Após a recepção, tente fazer uma cortada no levantamento do levantador!"
TUTORIAL/SLIDING,Peixinho
TUTORIAL/SLIDING_DES,Pressione (n1) para fazer um Peixinho!
TUTORIAL/SPIKE_SERVE,Saque em Suspensão
TUTORIAL/SPIKE_SERVE_DES,Segure (n1) para lançar a bola para o saque e use (n2) para fazer uma Cortada!
SPIKE_SERVE_TIP,O lançamento para o saque está muito baixo! Segure por mais tempo.
TUTORIAL_SKIP_QUESTION,Tem certeza de que deseja pular o tutorial? Você sempre pode jogá-lo novamente pelo Capítulo de Tutorial.
TUTORIAL/SHORT_SPIKE,Cortada Curta
TUTORIAL/SHORT_SPIKE_DES2,Com (n1) você pode cravar a bola para baixo.
TUTORIAL/LONG_SPIKE_DES,"Após a recepção, tente fazer uma cortada com (n1)!"
FEVER_TUTORIAL/01,A partida de Raid na Neve tem regras especiais.
FEVER_TUTORIAL/02,"A cada ponto marcado, a Febre acumula de acordo com o comprimento do rali."
FEVER_TUTORIAL/03,"No estado de Febre, a Temperatura Corporal sobe e os atributos do jogador aumentam."
RECEIVE_TIMING_TUTORIAL/01,"Quanto maior a precisão, menor o dano recebido."
TUTORIAL/SKILL,Habilidade
TUTORIAL/SKILL_DES,Alguns {0} têm sua própria {1} exclusiva.#Você pode verificar o status atual dessa {1} no botão com o ícone de {1}.
TUTORIAL/SKILL_USE,Usar Habilidade
TUTORIAL/SKILL_USE_DES,Você pode interagir com {0} e {1} pressionando seus botões diretamente.
TUTORIAL/SKILL_ACTIVATE,Ativar Habilidade
TUTORIAL/SKILL_ACTIVATE_DES,{0} pode ser ativada quando quiser pressionando seu ícone.#{1} permanece ativada até você executar {3} na bola fortalecida por {2}.
TUTORIAL/SKILL_COOLDOWN,Tempo de Espera
TUTORIAL/SKILL_COOLDOWN_DES,A maioria das {0} não pode ser usada por um curto período após o fim de seus efeitos.
TUTORIAL/SKILL_COOLDOWN2_DES,"A maioria das {0} tem {1} após o fim de seus efeitos.#Durante {1}, {2} não pode ser ativada novamente."
TUTORIAL/SKILL_DURATION,Duração
TUTORIAL/SKILL_DURATION_DES,{0} permanece ativada pela {1} especificada após pressionar o ícone.
TUTORIAL/SKILL_STATUS_USING,Em Efeito
TUTORIAL/SKILL_STATUS_AVAILABLE,Pronto
TUTORIAL/SKILL_STATUS_UNAVAILABLE,Indisponível
TEMPERATURE_TUTORIAL/01,A Temperatura Corporal do jogador é exibida no canto superior esquerdo.
TEMPERATURE_TUTORIAL/02,A Temperatura Corporal diminui ao final de cada rali.
TEMPERATURE_TUTORIAL/03,"Quando a Temperatura Corporal diminui, os atributos do jogador também diminuem."
COUNTER_RECEIVE_TUTORIAL/01,É preciso pressionar o botão de Recepção no momento certo.
,
,
MOVE_TUTORIAL/01,Hoje vamos aprender juntos os movimentos básicos do voleibol!
MOVE_TUTORIAL/02,"Antes de tudo, já aqueceu o corpo?"
MOVE_TUTORIAL/03,Você pode se mover com as setas. Que tal caminhar um pouco pela quadra?
,
RECEIVE_TUTORIAL/01,Ótimo! Já se aqueceu um pouco?
RECEIVE_TUTORIAL/02,O primeiro movimento que vamos aprender é a recepção.
RECEIVE_TUTORIAL/03,A recepção é a base do voleibol! É a ação importante que dá início a cada jogada.
RECEIVE_TUTORIAL/04,"Vou lançar a bola de leve, que tal tentar receber?"
,
JUMPSPIKE_TUTORIAL/01,Muito bem! Agora vamos aprender a cortada.
JUMPSPIKE_TUTORIAL/02,A cortada é um ataque que crava a bola na quadra adversária.
JUMPSPIKE_TUTORIAL/03,"É um movimento essencial para jogar voleibol,#mas é uma técnica bem difícil para iniciantes!"
JUMPSPIKE_TUTORIAL/04,Mas confie em mim! Vou te ensinar a fazer uma cortada.
JUMPSPIKE_TUTORIAL/05,"Primeiro, como é difícil bater em uma bola em movimento, vamos praticar com uma parada!"
,
RECEIVE_SPIKE_TUTORIAL/01,Bom trabalho! Já pegou um pouco a prática? Agora começa pra valer.
RECEIVE_SPIKE_TUTORIAL/02,Vou fazer um levantamento leve. Tente dar a cortada no momento certo.
RECEIVE_SPIKE_TUTORIAL/03,"Ver a bola em movimento pode te deixar nervoso, mas faça o movimento de braço com calma, acompanhando meu levantamento. Você consegue!"
,
SERVE_TUTORIAL/01,"Incrível! Com este nível, você tem mesmo talento!"
SERVE_TUTORIAL/02,"Agora, vamos encerrar aprendendo o saque!"
SERVE_TUTORIAL/03,O saque é o movimento básico do voleibol que envia a bola para a quadra adversária#para iniciar a partida.
SERVE_TUTORIAL/04,"No voleibol moderno, o saque é uma arma poderosa! Quanto melhor o jogador, mais variedade de saques ele consegue executar."
SERVE_TUTORIAL/05,"Mas... para um iniciante, será difícil tentar saques de alta dificuldade logo de cara."
SERVE_TUTORIAL/06,Primeiro vamos aprender o saque mais básico.
SERVE_TUTORIAL/07,"Um saque forte é importante, mas primeiro vamos focar em um saque estável! Na próxima vez eu te ensino o saque viagem, então hoje vamos só pegar o jeito com calma."
,
PRACTICE_GO_TUTORIAL/01,Isso já basta para os movimentos básicos. Bom trabalho!
PRACTICE_GO_TUTORIAL/02,"Um jogo real pode deixar você nervoso, mas mantenha a calma e siga o que aprendeu!"
,
BLOCKING_TUTORIAL/01,O bloqueio é o movimento feito na frente da rede para parar a cortada adversária.
BLOCKING_TUTORIAL/02,"Pode estreitar a trajetória de ataque do adversário,#mesmo só encostar já pode reduzir bastante a força, por isso é essencial aprender."
BLOCKING_TUTORIAL/03,"Vou bater de leve, que tal você tentar?"
,
RECEIVE_FEINT_TUTORIAL/01,Boa! Vamos já para o próximo movimento.
RECEIVE_FEINT_TUTORIAL/02,O movimento que vamos aprender agora é a finta!
RECEIVE_FEINT_TUTORIAL/03,Nada de pintar o sete! É hora de aprender a finta!
RECEIVE_FEINT_TUTORIAL/04,"Na postura de cortada, toque levemente na bola com a ponta dos dedos#para explorar uma brecha na defesa adversária."
RECEIVE_FEINT_TUTORIAL/05,"É super eficaz quando a Stamina do adversário está baixa, então saiba usar bem!"
RECEIVE_FEINT_TUTORIAL/06,Vamos tentar agora mesmo!
,
JUMP_FLOATER_TUTORIAL/01,Boa! Vamos para o último movimento?
JUMP_FLOATER_TUTORIAL/02,Saque Flutuante em Suspensão!
JUMP_FLOATER_TUTORIAL/03,É um saque em que você salta e golpeia a bola sem rotação.
JUMP_FLOATER_TUTORIAL/04,"Sem rotação, a trajetória da bola oscila, tornando muito difícil para o time adversário recepcionar!"
JUMP_FLOATER_TUTORIAL/05,"Não tem um grande poder de pontuação,#mas pode reduzir a Stamina do adversário, então será muito útil!"
JUMP_FLOATER_TUTORIAL/06,Vamos tentar agora mesmo?
,
PRACTICE_GO_TUTORIAL_02/01,Boa! Acho que por hoje já tá ótimo.
PRACTICE_GO_TUTORIAL_02/02,"Ainda faltam movimentos difíceis, como o saque em suspensão e o peixinho, mas vou ensiná-los na próxima!"
,
SLIDING_TUTORIAL/01,O torneio está chegando! Jogar do jeito que vínhamos jogando não será suficiente.
SLIDING_TUTORIAL/02,Hoje vamos aprender uma técnica nova juntos!
SLIDING_TUTORIAL/03,"O primeiro movimento que vamos aprender é o Peixinho!#Já aconteceu de falhar na defesa por falta de Stamina, né?"
SLIDING_TUTORIAL/04,"O Peixinho é um movimento importante,#dá pra levantar a bola mesmo com pouca Stamina!"
SLIDING_TUTORIAL/05,"Precisa de um timing mais exato que a Recepção,#mas como permite levantar a bola sem gastar Stamina, é super importante!"
SLIDING_TUTORIAL/06,"Vamos tentar! Vou bater de leve na bola, acerta o timing e faz o Peixinho!"
,
SPIKE_SERVE_TUTORIAL/01,"Certo! Agora vamos para o saque mais difícil, mas também o mais poderoso…"
SPIKE_SERVE_TUTORIAL/02,Vamos aprender o Saque em Suspensão!
SPIKE_SERVE_TUTORIAL/03,"O Saque em Suspensão é, como o nome diz, um saque feito com uma Cortada."
SPIKE_SERVE_TUTORIAL/04,"Primeiro, lance a bola na altura certa para o saque.#Depois, acerte-a no ponto exato e no momento certo!"
SPIKE_SERVE_TUTORIAL/05,"É poderoso e pode reduzir bastante a Stamina adversária,#mas também tem um alto risco de perder o ponto."
SPIKE_SERVE_TUTORIAL/06,Vamos tentar? O treino também é para experimentar saques difíceis!
,
PRACTICE_GO_TUTORIAL_03/01,Boa! Por hoje é só!
PRACTICE_GO_TUTORIAL_03/02,Acho que já te ensinei todos os movimentos que podia.
PRACTICE_GO_TUTORIAL_03/03,Agora coloque o que aprendeu em prática na partida e domine essas técnicas de vez!
,
CASUAL_RECEIVE_TUTORIAL/03,Hoje vamos aprender juntos os movimentos básicos do voleibol!
CASUAL_RECEIVE_TUTORIAL/04,O primeiro movimento que vamos aprender é o “receive”.
CASUAL_RECEIVE_TUTORIAL/05,A recepção é a base do voleibol! É a ação importante que dá início a cada jogada.
CASUAL_RECEIVE_TUTORIAL/06,"Vou lançar a bola de leve, que tal tentar receber?"
,
CASUAL_LONG_SPIKE_TUTORIAL/01,Muito bem! Agora vamos aprender a cortada.
CASUAL_LONG_SPIKE_TUTORIAL/02,A cortada é um ataque que crava a bola na quadra adversária.
CASUAL_LONG_SPIKE_TUTORIAL/03,"É um movimento essencial para jogar vôlei,#mas é bem difícil para iniciantes!"
CASUAL_LONG_SPIKE_TUTORIAL/04,"Vou levantar de leve,então tenta dar o spike no tempo certo."
CASUAL_LONG_SPIKE_TUTORIAL/05,"Ver a bola em movimento pode te deixar nervoso, mas faça o movimento de braço com calma, acompanhando meu levantamento. Você consegue!"
,
CASUAL_SHORT_SPIKE_TUTORIAL/01,"Muito bem! Não pare, continue!"
CASUAL_SHORT_SPIKE_TUTORIAL/02,"Agora você fez um ataque longo porque estava um pouco distante da rede, não é?"
CASUAL_SHORT_SPIKE_TUTORIAL/03,"Desta vez vou levantar a bola perto da rede, então tente atacar para baixo!"
CASUAL_SHORT_SPIKE_TUTORIAL/04,"O ataque para baixo é vulnerável ao bloqueio, então escolha bem a direção."
CASUAL_SHORT_SPIKE_TUTORIAL/05,Vamos tentar agora mesmo!
,
CASUAL_FEINT_TUTORIAL/01,O movimento que vamos aprender agora é a Finta!
CASUAL_FEINT_TUTORIAL/02,Nada de pintar o sete! É hora de aprender a finta!
CASUAL_FEINT_TUTORIAL/03,"Na postura de cortada, toque levemente na bola com a ponta dos dedos#para explorar uma brecha na defesa adversária."
CASUAL_FEINT_TUTORIAL/04,"É super eficaz quando a Stamina do adversário está baixa, então saiba usar bem!"
CASUAL_FEINT_TUTORIAL/05,Vamos tentar agora mesmo!
,
CASUAL_BLOCK_TUTORIAL/01,O próximo movimento que vamos aprender é o bloqueio!
CASUAL_BLOCK_TUTORIAL/02,O bloqueio é o movimento feito na frente da rede para parar a cortada adversária.
CASUAL_BLOCK_TUTORIAL/03,"Você pode bloquear quando está na linha da frente durante a rotação!#Ah, será que explicado assim ficou um pouco difícil?"
CASUAL_BLOCK_TUTORIAL/04,"Quando é o saque do adversário e nossa equipe marca um ponto,#ganhamos o direito de sacar e as posições iniciais dos jogadores rodam."
CASUAL_BLOCK_TUTORIAL/05,"Nesse momento, o jogador que está na frente da rede se prepara para o bloqueio!"
CASUAL_BLOCK_TUTORIAL/06,"Pode estreitar a trajetória de ataque do adversário,#mesmo só encostar já pode reduzir bastante a força, por isso é essencial aprender."
CASUAL_BLOCK_TUTORIAL/07,"Vou bater de leve, quer tentar você mesmo?"
,
CASUAL_SLIDING_TUTORIAL/01,"Agora vamos aprender o peixinho, um movimento defensivo para quando você está na zona de fundo!"
CASUAL_SLIDING_TUTORIAL/02,"O Peixinho é um movimento importante,#dá pra levantar a bola mesmo com pouca Stamina!"
CASUAL_SLIDING_TUTORIAL/03,"Precisa de um timing mais exato que a Recepção,#mas como permite levantar a bola sem gastar Stamina, é super importante!"
CASUAL_SLIDING_TUTORIAL/04,"Vamos tentar! Vou bater de leve na bola, acerta o timing e faz o Peixinho!"
,
CASUAL_SPIKE_SERVE_TUTORIAL/01,"Certo! Agora vamos para o saque mais difícil, mas também o mais poderoso…"
CASUAL_SPIKE_SERVE_TUTORIAL/02,Vamos aprender o Saque em Suspensão!
CASUAL_SPIKE_SERVE_TUTORIAL/03,"O Saque em Suspensão é, como o nome diz, um saque feito com uma Cortada."
CASUAL_SPIKE_SERVE_TUTORIAL/04,"Primeiro, lance a bola na altura certa para o saque.#Depois, acerte-a no ponto exato e no momento certo!"
CASUAL_SPIKE_SERVE_TUTORIAL/05,"É poderoso e pode reduzir bastante a Stamina adversária,#mas também tem um alto risco de perder o ponto."
CASUAL_SPIKE_SERVE_TUTORIAL/06,Vamos tentar? O treino também é para experimentar saques difíceis!
,
CASUAL_END_TUTORIAL/01,O torneio está chegando! Jogar do jeito que vínhamos jogando não será suficiente.
CASUAL_END_TUTORIAL/02,Espera! Você estava jogando no Modo Controle Automático até agora?
CASUAL_END_TUTORIAL/03,"O Modo Controle Automático ajuda em vários movimentos, permitindo jogar de forma fácil e confortável!"
CASUAL_END_TUTORIAL/04,"Mas, como não dá total liberdade, o limite de crescimento fica evidente."
CASUAL_END_TUTORIAL/05,"Depois que se acostumar, recomendo jogar no modo manual!"
CASUAL_END_TUTORIAL/06,"Como o tutorial muda conforme o modo, se jogar no manual precisa refazer o tutorial!"
CASUAL_END_TUTORIAL/07,"Mas eu estarei ao seu lado para ajudar, então vamos nos esforçar juntos!"
,
TUTORIAL/CONDITION_DES/01,"Durante a partida, os jogadores podem#entrar em determinados estados de condição dependendo da situação."
TUTORIAL/CONDITION_DES/02,"No estado Agitado, o ATQ e a VEL aumentam, enquanto o Salto e a DEF diminuem.#Normalmente ocorre ao falhar em um ataque ou ter o ataque bloqueado."
TUTORIAL/CONDITION_DES/03,"No estado Engajado, os Status gerais aumentam.#Normalmente ocorre ao conseguir sucessos consecutivos em ataques, bloqueios ou saques."
TUTORIAL/CONDITION_DES/04,"No estado Desanimado, os Status gerais diminuem.#Normalmente ocorre ao falhar na defesa ou no ataque."
TUTORIAL/CONDITION_DES/05,"No estado Distraído, a DEF e a VEL diminuem significativamente.#Normalmente ocorre quando o jogador não toca na bola por muito tempo."
FEVER_TUTORIAL/TITLE,Regra Especial
TUTORIAL/WS_DECRIPTION,"O WS é o craque do time, responsável pelos principais ataques."
TUTORIAL/SE_DECRIPTION,"O Se (Levantador) levanta a bola recebida, criando uma oportunidade para o atacante atacar."
TUTORIAL/MB_DECRIPTION,MB usa ataques rápidos para quebrar o bloqueio adversário e dar cobertura aos ataques do WS.
TUTORIAL/POSITION_DECRIPTION,Existem três posições na equipe.
TUTORIAL/LISIA_DESCRIPTION,O Saque Celestial da Liscia cai rapidamente de uma grande altura.#Você precisa fazer um peixinho no momento certo.
,
BEACH_FEVER_TUTORIAL/01,A partida de Incursão de Vôlei de Praia tem regras especiais.
HEAT_TUTORIAL/01,"Quanto mais tempo durar a partida na praia quente, mais aumenta a temperatura corporal dos jogadores."
HEAT_TUTORIAL/02,"Ao aumentar a temperatura corporal dos jogadores, aumentam também o poder de ataque e a velocidade deles."
HEAT_TUTORIAL/03,"No entanto, a capacidade de salto e a defesa diminuem significativamente."
HEAT_TUTORIAL/04,"Por isso, é preciso substituir os jogadores se a temperatura corporal ficar alta demais."
HEAT_TUTORIAL/05,Sua temperatura corporal é exibida no canto superior esquerdo.
ITEM_TUTORIAL/01,Use estrategicamente os itens recebidos a cada 3 pontos.
ITEM_TUTORIAL/02,"Se depender demais da Febre, a temperatura corporal subirá rapidamente. Tome cuidado!"
BEACH_RAID/HEAT,O calor
TUTORIAL/UI/DES_01,Você pode avançar na história aqui.
TUTORIAL/UI/DES_02,Alcance um tier mais alto para desafiar novas partidas.
TUTORIAL/UI/DES_03,Você pode aprimorar suas habilidades aqui.
TUTORIAL/UI/DES_04,Você pode recrutar novos jogadores aqui.
TUTORIAL/UI/DES_05,Aqui você pode convocar diretamente o jogador que quiser.
TUTORIAL/UI/DES_06,Você pode personalizar a aparência dos jogadores ou comprar bolas de vôlei aqui.
TUTORIAL/UI/DES_07,Você pode resgatar recompensas aqui ao alcançar um novo tier.
TUTORIAL/UI/DES_08,Confira os Desafios de cada tier.
TUTORIAL/UI/DES_09,Conclua Desafios para receber recompensas.#Conclua todos os Desafios para subir ao próximo tier.
TUTORIAL/UI/DES_10,Selecione um jogador.
TUTORIAL/UI/DES_11,Você pode conferir os atributos do jogador.
TUTORIAL/UI/DES_12,"Quando a Condição é ativada, o jogador fica temporariamente mais forte ou mais fraco.#Quanto maior o valor de Condição do jogador, maior a chance de ativação."
TUTORIAL/UI/DES_13,Você pode personalizar a aparência do jogador.
TUTORIAL/UI/DES_14,Adicione os jogadores de seu interesse aos Favoritos para encontrá-los rapidamente.
TUTORIAL/UI/DES_15,Você pode jogar imediatamente o conteúdo recomendado nesta tela.
TUTORIAL/UI/DES_16,"Ótimo!#Agora jogue partidas livremente, desenvolva os jogadores que quiser e aprimore suas habilidades!"
TUTORIAL/NEW_PLAYER/DES_01,Um novo jogador está disponível!
TUTORIAL/NEW_PLAYER/DES_02,Vá para a tela de gerenciamento de jogadores.
TUTORIAL/NEW_PLAYER/DES_03,Aqui você pode registrar um novo jogador como titular.
TUTORIAL/NEW_PLAYER/DES_04,Um novo Levantador foi registrado!
TUTORIAL/NEW_PLAYER/DES_05,"Agora, vamos deixar os jogadores mais fortes."
TUTORIAL/NEW_PLAYER/DES_06,Subir o nível de Status aumenta o nível do jogador.
TUTORIAL/NEW_PLAYER/DES_07,"Para aumentar o nível do jogador, é necessário <item=EXPPOINT> adicional."
TUTORIAL/NEW_PLAYER/DES_08,"Quanto maior o ranking do jogador, maior será o custo de#<item=EXPPOINT> e <item=CREDIT> para aumentar o nível."
TUTORIAL/NEW_PLAYER/DES_09,Poxa! Parece que não é possível melhorar o jogador agora...
TUTORIAL/NEW_PLAYER/DES_10,Aqui também é possível registrar um jogador diretamente como titular.
TUTORIAL/NEW_PLAYER/DES_11,"Agora, aproveite partidas ainda mais variadas com seus novos jogadores!"
,
TUTORIAL_MB_MOVEMENT,Treinamento de Central
TUTORIAL_MISSION/QUICK,Realize um Ataque rápido
TUTORIAL_MISSION/FAKE_QUICK,Atraia o bloqueio de Roberto
TUTORIAL/QUICK,Ataque rápido
TUTORIAL/QUICK_DES,"Salte antes de o levantador fazer o levantamento,#e ele levantará uma bola rápida para o central."
QUICK_TUTORIAL/01,"O ataque rápido é o fundamento mais básico de um central.#Se você não consegue fazer isso... bem, fica difícil se chamar de central, não acha?"
QUICK_TUTORIAL/02,"O importante é saltar antes de o nosso levantador fazer o levantamento.#Quando a bola chegar, você já deverá estar na altura certa para atacar."
QUICK_TUTORIAL/03,"Se acertar o tempo, o levantador colocará a bola bem onde você precisa."
QUICK_TUTORIAL/04,Tente primeiro. Salte perto de mim logo antes do levantamento... e ataque!
RECEIVE_QUICK_TUTORIAL/01,Ah~ Muito bom! Dessa vez ficou bem convincente.
RECEIVE_QUICK_TUTORIAL/02,Vamos tentar como se fosse uma partida de verdade?
RECEIVE_QUICK_TUTORIAL/03,"Roberto vai ajudar.#Ele ajustará as jogadas para você aprender o tempo do ataque rápido, então não se preocupe."
RECEIVE_QUICK_TUTORIAL/04,"Depois da recepção, corra imediatamente para a rede.#Faça um ataque rápido como aprendeu."
FAKE_QUICK_TUTORIAL/01,Muito bem. Agora está começando a pegar o jeito.
FAKE_QUICK_TUTORIAL/02,"Parece que você já entendeu mais ou menos o tempo do ataque rápido...#Roberto, agora bloqueie para valer."
FAKE_QUICK_TUTORIAL/03,"Desta vez, ele vai bloquear para valer, acompanhando o tempo do seu ataque rápido.#Não será tão fácil atacar quanto antes, certo?"
FAKE_QUICK_TUTORIAL/04,Mas escuta só.#Um central não precisa necessariamente atacar a bola.#Confundir os bloqueadores adversários também faz parte do trabalho.
FAKE_QUICK_TUTORIAL/05,"Mesmo que apenas salte no tempo certo, fingindo um ataque rápido, o adversário terá dificuldade para ignorar você."
FAKE_QUICK_TUTORIAL/06,"Desta vez, salte sem tocar na bola.#Atraia o bloqueio de Roberto e abra espaço para o nosso ponteiro marcar com um ataque combinado."
PRACTICE_GO_TUTORIAL_04/01,"Ah~ Excelente, excelente."
PRACTICE_GO_TUTORIAL_04/02,"É diferente de jogar como ponteiro, não é? E então, acha que consegue?"
PRACTICE_GO_TUTORIAL_04/03,"Agora que você já sabe o que é um ataque rápido, vamos aprender o restante praticando."
WRONG_ATTACK_POSITION_TIP,Salte dentro da área brilhante.
MIDAIR_AT_TOSS_TIP,Você precisa saltar antes de o levantador fazer o levantamento.
MIDAIR_AT_TOSS_TIP_THATS_OPEN,"Isso é um ataque de bola alta, não um ataque rápido."
MIDAIR_AT_TOSS_TIP_TOO_FAST,Tente saltar um pouco mais tarde.
MIDAIR_AT_TOSS_TIP_TOO_FAR,"Quanto mais longe você estiver da rede, mais difícil será fazer um ataque rápido."
ATTACK_BEFORE_TOSS_TIP,Sincronize o ataque com o levantamento.
ATTACK_IN_COURT_TIP,Você precisa fazer contato com a bola mais à frente do corpo.
FAKE_JUMP_TIP,Salte no momento certo para o ataque rápido.
FAKE_QUICK_TIP,Aterrisse sem tocar na bola.
TOO_FAST_QUICK_TIP,Faça o movimento de ataque no momento certo.
QUICK_TOSS_FAIL_TIP,Você precisa saltar antes para eu levantar a bola para um Ataque Rápido.
BLOCKING_BREAK_TIP,Mire no ponto fraco e rompa o bloqueio!
,
TUTORIAL/ELITE_RULE_UI_APPEAR_DES,"Cada jogador possui sua própria Stamina Individual e seu próprio Mental.#A Stamina é exibida em amarelo, enquanto o Mental é exibido em azul."
TUTORIAL/ELITE_RULE_UI_DAMAGE_DES,"O jogador que recebe a bola perde Stamina e Mental.#Se ficar sem Stamina, ele falhará na defesa."
TUTORIAL/ELITE_RULE_DEFENSE_TIMING_DES,"Pressione o botão de Peixinho ou Recepção no momento certo para reduzir o dano.#Se nenhum botão for pressionado, o jogador defenderá com base em um resultado aleatório."
TUTORIAL/ELITE_RULE_RECEIVE_DES,Faça a recepção no momento exato para que a bola suba de maneira estável.#Uma Recepção Perfeita gera uma Bola de Oportunidade.
TUTORIAL/ELITE_RULE_SLIDING_DES,"O Peixinho permite defender uma área ampla, mas faz a bola subir de maneira menos estável.#Defender com um Peixinho não gera uma Bola de Oportunidade."
TUTORIAL/ELITE_RULE_FLOATER_SERVE_DES,"O Saque Flutuante e o Saque Híbrido causam dano que ignora a Defesa.#Se não defender no momento exato, o jogador sofrerá muito dano."
TUTORIAL/ELITE_RULE_MENTALITY_DES,"O Mental não se recupera facilmente entre os ralis.#Quanto menor o Mental do jogador, mais Stamina ele perderá ao defender."
TUTORIAL/ELITE_RULE_EXHAUST_DES,"Quando o Mental se esgota completamente, o jogador fica Exausto por um curto período.#O Mental não se recupera enquanto o jogador está Exausto."
TUTORIAL/ELITE_RULE_FORMATION_DES,As posições defensivas dos jogadores não mudam quando o direito de saque passa para a outra equipe.#Você pode alterar as posições defensivas durante um tempo técnico.
TUTORIAL/RAID_TIP_06,Quase perfeito!
