KEY,일본어(ja)
ABILITY/ADRENALINE/TITLE,アドレナリン
ABILITY/ADRENALINE/DES,味方選手が{CONDITION}を解除するたび、{FEVER_MODE}の追加{STRENGTH}が<buff_amount>増加する。{FEVER_MODE}終了時にリセットされる。
ABILITY/ARTISTIC_DEFENSE/TITLE,芸術的な守備
ABILITY/ARTISTIC_DEFENSE/DES,{SLIDING}で攻撃を止めると、一時的に受けるダメージが<decrease_percent>減少する。
ABILITY/ATTACK_CHANCE/TITLE,アタックチャンス
ABILITY/ATTACK_CHANCE/DES,{FREE_BALL}状況の時、一時的にすべての能力値が<buff_amount>増加する。
ABILITY/BULK_UP/TITLE,バルクアップ
ABILITY/BULK_UP/DES,{RECEIVE}または{BLOCKING}で攻撃を止めた後、{HEIGHT}が<height_amount>増加する。
ABILITY/BUNDANG_QUICK/TITLE,分堂高校速攻
ABILITY/BUNDANG_QUICK/DES,自チームのタッチカウントが1の時、{COMMON/WORD/SPIKE_JUMP}をすると着地するまで{BALL_POWER}が<increase_percent>増加する。
ABILITY/BURNING_UP/TITLE,バーニングアップ
ABILITY/BURNING_UP/DES,{FEVER_MODE}に突入する時、{CONDITION}を解除し、<condition_time>の間{ANGRY}状態になる。
ABILITY/CAT_THERAPY/TITLE,猫のセラピー
ABILITY/CAT_THERAPY/DES,{FEVER_MODE}中に{SAD}状態になると、味方選手の{CONDITION}を解除し、<condition_time>の間{FOCUS}状態にする。
ABILITY/BERSERK_ATTACK/TITLE,バーサクアタック
ABILITY/BERSERK_ATTACK/DES,相手チームより{STAMINA}が低い時、その差に応じて{STRENGTH}が最大<buff_amount>増加する。
ABILITY/BERSERK_BOOST/TITLE,バーサクブースト
ABILITY/BERSERK_BOOST/DES,{STAMINA}が半分以下の時、{SPIKE}をすると{FEVER_POINT}を<fever_count>獲得する。
ABILITY/BERSERK_DRAIN/TITLE,バーサクドレイン
ABILITY/BERSERK_DRAIN/DES,{STAMINA}が半分以下の時、{SPIKE}で与えたダメージの<effect_percent>分{STAMINA}を回復する。
ABILITY/CONCENTRATION/TITLE,集中力
ABILITY/CONCENTRATION/DES,自チームが失点するたび、{STRENGTH}と{DEFENSE}が<buff_amount>増加する。自チームが得点するとリセットされる。
ABILITY/CONDITION_BOOST/TITLE,コンディションブースト
ABILITY/CONDITION_BOOST/DES,{CONDITION}を解除すると、{FEVER_POINT}を<fever_count>獲得する。
ABILITY/CRITICAL_BOOST/TITLE,クリティカルブースト
ABILITY/CRITICAL_BOOST/DES,{SAD}状態の相手を攻撃すると、{FEVER_POINT}を<fever_count>獲得する。
ABILITY/DAVID_AND_GOLIATH/TITLE,ダビデとゴリアテ
ABILITY/DAVID_AND_GOLIATH/DES,同じ{COMMON/POSITION}の相手との{HEIGHT}差（最大30cm）の<effect_percent>分、{STRENGTH}と{DEFENSE}が増加する。
ABILITY/SUPER_DIRECT/TITLE,スーパーダイレクト
ABILITY/SUPER_DIRECT/DES,相手チームから来た{BALL}を{SPIKE}で打ち返すと、一時的に{BALL_POWER}が<increase_percent>増加する。
ABILITY/DRAGON_STYLE/TITLE,青龍の武術
ABILITY/DRAGON_STYLE/DES,3.3m以下の{DATEN}で{SPIKE}をすると、一時的に{BALL_POWER}が<increase_percent>増加する。
ABILITY/ETERNAL_FEVER/TITLE,エターナルフィーバー
ABILITY/ETERNAL_FEVER/DES,{FEVER_MODE}中に{FEVER_POINT}を獲得すると、<effect_percent>の効率で{FEVER_MODE}の{COMMON/SKILL/DURATION}を延長する。
ABILITY/GLADIUS/TITLE,グラディウス
ABILITY/GLADIUS/DES,{ANGRY}状態の時、{FREE_BALL}状況なら{DEFENSE}の<effect_percent>を{STRENGTH}に変換する。
ABILITY/GRACE_OF_THE_SKY/TITLE,空の恩寵
ABILITY/GRACE_OF_THE_SKY/DES,{ANGRY}状態の時、{SERVE}をすると{SERVE_SKY}を使用し、{FEVER_POINT}を<fever_count>獲得する。
ABILITY/HEART_BREAKER/TITLE,ハートブレイカー
ABILITY/HEART_BREAKER/DES,{SAD}または{CARELESS}状態の相手選手1人につき、{STRENGTH}が<buff_amount>増加する。
ABILITY/HEAT_SINK/TITLE,ヒートシンク
ABILITY/HEAT_SINK/DES,{FEVER_MODE}に突入するたび、{DEFENSE}が<buff_amount>増加する。
ABILITY/INFERNO_BEAST/TITLE,インフェルノビースト
ABILITY/INFERNO_BEAST/DES,{STRENGTH}と{SPEED}が<buff_amount>増加し、空中移動速度が2倍になる。
ABILITY/IRON_WALL/TITLE,鉄壁
ABILITY/IRON_WALL/DES,{BLOCKING}で攻撃を止める時、攻撃した相手選手より{HEIGHT}が高ければ<proc_percent>の確率で{BLOCK_KILL}を発生させる。
ABILITY/LEON_HEART_ARENA/TITLE,レオンハート
ABILITY/LEON_HEART_ARENA/DES,{LINE_END}付近で{COMMON/WORD/SPIKE_JUMP}をすると、着地するまで{BALL_POWER}が<increase_percent>増加する。
ABILITY/LIMIT_BREAK_ARENA/TITLE,限界突破
ABILITY/LIMIT_BREAK_ARENA/DES,{COMMON/WORD/SPIKE_JUMP}をする時、残り{STAMINA}を半分消費し、{STRENGTH}と{DEFENSE}が<buff_amount>増加する。{RALLY}終了時にリセットされる。
ABILITY/LUCKY_RECEIVE_ARENA/TITLE,ラッキーレシーブ
ABILITY/LUCKY_RECEIVE_ARENA/DES,{RECEIVE}をすると、<proc_percent>の確率で{COMMON/WORD/PERFECT_RECEIVE}になる。
ABILITY/OVERCLOCK/TITLE,オーバークロック
ABILITY/OVERCLOCK/DES,{ANGRY}状態の時、{ACTIVE_SKILL}の{COMMON/SKILL/COOLDOWN}が<effect_percent>速く減少する。
ABILITY/POWER_REBOUND/TITLE,パワーリバウンド
ABILITY/POWER_REBOUND/DES,{TOSS}を経由せずに相手を攻撃すると、<proc_percent>の確率で{BALL}が跳ね返って戻ってくる。
ABILITY/QUICK_RECHARGE/TITLE,クイックリチャージ
ABILITY/QUICK_RECHARGE/DES,{SLIDING}の守備範囲が<increase_percent>増加し、起き上がり速度が増加する。
ABILITY/SENSITIVE_HEART/TITLE,センシティブハート
ABILITY/SENSITIVE_HEART/DES,{FOCUS}状態の追加{STRENGTH}と{COMMON/SKILL/DURATION}が<increase_percent>増加する。
ABILITY/BURNING_HEART/TITLE,バーニングハート
ABILITY/BURNING_HEART/DES,{ANGRY}状態の追加{STRENGTH}と{COMMON/SKILL/DURATION}が<increase_percent>増加する。
ABILITY/SENSITIVE_LINK/TITLE,センシティブリンク
ABILITY/SENSITIVE_LINK/DES,{COMMON/WORD/PERFECT_RECEIVE}をすると、他の味方選手を<condition_time>の間{FOCUS}状態にする。
ABILITY/SPOTLIGHT/TITLE,スポットライト
ABILITY/SPOTLIGHT/DES,味方選手が{ACTIVE_SKILL}を使用すると、<proc_percent>の確率で次の{TOSS}が{SKILL/SPOTLIGHT_TOSS/TITLE}に変化する。
ABILITY/STABLE_ATTACK/TITLE,ステーブルアタック
ABILITY/STABLE_ATTACK/DES,相手チームより{STAMINA}が高い時、その差に応じて{STRENGTH}が最大<buff_amount>増加する。
ABILITY/STABLE_BOOST/TITLE,ステーブルブースト
ABILITY/STABLE_BOOST/DES,{STAMINA}が半分以上の時、{SPIKE}をすると{FEVER_POINT}を<fever_count>獲得する。
ABILITY/STAGE_DOMINANCE/TITLE,ステージ掌握
ABILITY/STAGE_DOMINANCE/DES,{RALLY}開始時、{COURT}上に光るエリアを指定する。そのエリア上でジャンプすると、一時的に{STRENGTH}と{JUMP}が<buff_amount>増加する。
ABILITY/SUN_SPARK/TITLE,サンスパーク
ABILITY/SUN_SPARK/DES,{SAD}状態でない時、{STRENGTH}と{DEFENSE}が<buff_amount>増加する。{RALLY}終了時に{SAD}状態になる。
ABILITY/SUPER_SAVE/TITLE,スーパーセーブ
ABILITY/SUPER_SAVE/DES,{SLIDING}で攻撃を止めた後、<condition_time>の間{ANGRY}状態になる。{STAMINA}が半分以上なら代わりに{FOCUS}状態になる。
ABILITY/THUNDER_SPIKE_ARENA/TITLE,雷のスパイク
ABILITY/THUNDER_SPIKE_ARENA/DES,4m以上の{DATEN}で{SPIKE}をすると、一時的に{BALL_POWER}が<increase_percent>増加する。
ABILITY/TIGER_STYLE/TITLE,白虎の武術
ABILITY/TIGER_STYLE/DES,{SAD}状態の相手を攻撃すると、次に{BALL}に触れる相手選手を<condition_time>の間{SAD}状態にする。
ABILITY/TORTOISE_STYLE/TITLE,玄武の武術
ABILITY/TORTOISE_STYLE/DES,{FOCUS}または{ANGRY}状態になる時、同じ{COMMON/POSITION}の相手を<condition_time>の間{SAD}状態にする。
ABILITY/TOUGH_ARMOR/TITLE,強靭な鎧
ABILITY/TOUGH_ARMOR/DES,{BLOCKING}で攻撃を止めた後、一時的にすべての{STATUS}が<buff_amount>増加する。
ABILITY/TRACE/TITLE,トレース
ABILITY/TRACE/DES,{RALLY}終了時、{ACTIVE_SKILL}や{TOGGLE_SKILL}がなければ、<proc_percent>の確率で味方選手の{ACTIVE_SKILL}を1回だけコピーする。
ABILITY/UNDERDOG/TITLE,アンダードッグ
ABILITY/UNDERDOG/DES,等級がS-の味方選手1人につき、{SPIKE}の{BALL_POWER}が<increase_percent>増加する。
ABILITY/VERMILLION_STYLE/TITLE,朱雀の武術
ABILITY/VERMILLION_STYLE/DES,同じ{COMMON/POSITION}の相手選手が{SAD}または{CARELESS}状態になる時、<condition_time>の間{ANGRY}状態になる。
ABILITY/VIOLET_BLOSSOM/TITLE,バイオレットブロッサム
ABILITY/VIOLET_BLOSSOM/DES,{DEFENSE}と{SPEED}が<buff_amount>増加する。{CONDITION}を所持している時に{TOSS}をすると、{CONDITION}を解除して{FREE_BALL}を発生させる。
ABILITY/YOONSEOK_DREAM/TITLE,忠英の夢
ABILITY/YOONSEOK_DREAM/DES,{RALLY}終了時、すべての選手の{STRENGTH}が<buff_amount>増加する。{SKILL/YOONSEOK/TITLE}には効果が2倍で適用される。
ABILITY/PERFECT_PARRY/TITLE,パーフェクトパリィ
ABILITY/PERFECT_PARRY/DES,{COMMON/WORD/PERFECT_RECEIVE}をする時、相手チームより{STAMINA}が低ければ両チームの{STAMINA}を入れ替え、{FEVER_POINT}を<fever_count>獲得する。
ABILITY/CURE_RECEIVE_ARENA/TITLE,キュアレシーブ
ABILITY/CURE_RECEIVE_ARENA/DES,{COMMON/WORD/PERFECT_RECEIVE}をすると、{STAMINA}を<heal_amount>回復する。
ABILITY/GREATEST_SHOWMAN/TITLE,最高のショー
ABILITY/GREATEST_SHOWMAN/DES,{FEVER_MODE}でない時、味方選手の{ACTIVE_SKILL}を4回使用すると、{STAMINA}を<heal_amount>回復し、{FEVER_MODE}になる。
ABILITY/FEVER_ATTACK/TITLE,フィーバーアタック
ABILITY/FEVER_ATTACK/DES,{FEVER_MODE}中、{FEVER_MODE}の残り{COMMON/SKILL/DURATION}に応じて{STRENGTH}が最大<buff_amount>増加する。
ABILITY/DREAM_WALKER/TITLE,ドリームウォーカー
ABILITY/DREAM_WALKER/DES,{INGAME/CHANGE_PLAYER}の回数1回につき、{STRENGTH}と{DEFENSE}が<buff_amount>増加する。
ABILITY/RIP_CURRENT_ARENA/TITLE,離岸流
ABILITY/RIP_CURRENT_ARENA/DES,{STRENGTH}と{DEFENSE}が<buff_amount>増加するが、空中移動速度が半分になる。
ABILITY/FORTIFY/TITLE,要塞化
ABILITY/FORTIFY/DES,{DEFENSE}が200より高い、または{HEIGHT}が200cm以上の時、{BLOCKING}のチャージ速度、{RECEIVE}の守備範囲、{SLIDING}の守備範囲が<increase_percent>増加する。
ABILITY/SUPER_SLIDING/TITLE,スーパーフライング
ABILITY/SUPER_SLIDING/DES,{SLIDING}で攻撃を止める時、<proc_percent>の確率でダメージを受けない。({RALLY}につき1回)
ABILITY/LUCID_DREAM/TITLE,明晰夢
ABILITY/LUCID_DREAM/DES,{INGAME/CHANGE_PLAYER}を6回以上していた場合、{MATCH}開始時に{FEVER_POINT}を<fever_count>獲得する。
ABILITY/RESILIENCE/TITLE,回復力
ABILITY/RESILIENCE/DES,{CONDITION}を解除すると、{STAMINA}を<heal_amount>回復する。
ABILITY/GLASS_CANNON/TITLE,ガラスの大砲
ABILITY/GLASS_CANNON/DES,{STRENGTH}が<buff_amount>増加する。{STAMINA}は半分より高くならない。
ABILITY/DEJAVU/TITLE,デジャヴ
ABILITY/DEJAVU/DES,{INGAME/CHANGE_PLAYER}を6回以上していた場合、{ACTIVE_SKILL}の{COMMON/SKILL/COOLDOWN}が<effect_percent>速く減少する。
ABILITY/LITTLE_GIANT/TITLE,小さな巨人
ABILITY/LITTLE_GIANT/DES,すべての{PLAYER}の中で元の{HEIGHT}が最も低い時、{SPIKE}の{BALL_POWER}が<increase_percent>増加する。
ABILITY/HOT_STREAK/TITLE,ホットストリーク
ABILITY/HOT_STREAK/DES,{ANGRY}状態の時、他の確率型{DREAM_SHARD}の発動に失敗しても、<proc_percent>の確率で強制発動する。
ABILITY/IGNITION/TITLE,点火
ABILITY/IGNITION/DES,他の味方選手が{ACTIVE_SKILL}を使用する時、<condition_time>の間{ANGRY}状態になる。
ABILITY/LUCKY_PUNCH/TITLE,ラッキーパンチ
ABILITY/LUCKY_PUNCH/DES,味方選手の確率型{DREAM_SHARD}の発動に成功するたび、{STRENGTH}が<buff_amount>増加する。{SPIKE}をするとリセットされる。
ABILITY/RECKLESS/TITLE,無謀
ABILITY/RECKLESS/DES,{STRENGTH}が<buff_amount>増加する。{SERVE}をする時、{SERVE_FLOATER}と{SERVE_BASIC}は使用しない。
ABILITY/ENCORE/TITLE,アンコール
ABILITY/ENCORE/DES,{ACTIVE_SKILL}を使用する時、今回の{RALLY}で同じ{SKILL}が使用されたことがあれば、{STAMINA}を全回復し、{FEVER_POINT}を<fever_count>獲得する。
