KEY,중국어-번체(zh-cht)
NOT_EXIST_FILTERGROUP,篩選組不存在。
NOT_EXIST_ARENA_POINT_REWARD_LIST,競技場積分獎勵列表不存在。
NOT_FOUND_ARENA_POINT_REWARD,當前賽季沒有對應的累計積分獎勵。
ALREADY_CLAIMED_ARENA_POINT_REWARD,累計積分獎勵已領取。
NOT_EXIST_USER_TIER,用戶段位不存在。
NOT_EXIST_USER_ATTENDANCE,簽到資訊不存在。
NOT_EXIST_ACHIEVEMENTLIST,無法載入成就資訊。
NOT_EXIST_TIERLIST,無法載入段位資訊。
NOT_ENOUGH_TIER_DIAMOND,僅限鑽石及以上段位可使用競技場內容。
NOT_FOUND_USER_ARENA_ROUND,未找到用戶的競技場回合資訊。
NOT_COMPLETE_ARENA,尚未完成競技場。
NOT_COMPLETE_ROUND,尚未完成回合。
NOT_FAILED_ROUND,當前回合未失敗。
NOT_DRAW_CARD,尚未抽取卡牌。
INVALID_COST_PACKAGE,無效的消耗包。
NOT_EXIST_USER,用戶不存在。
NOT_ENOUGH_VPOINT,V點數不足。
NOT_ENOUGH_FREEVPOINT,免費V點數不足。
NOT_ENOUGH_PAIDVPOINT,付費V點數不足。
NOT_ENOUGH_CREDIT,球芒幣不足。
NOT_ENOUGH_EXPPOINT,經驗值不足。
NOT_ENOUGH_BLUEFLAME,藍焰不足。
NOT_EXIST_INVENTORY,庫存不存在。
ITEM_NOT_FOUND,物品不存在。
NOT_ENOUGH_ITEM_AMOUNT,物品數量不足。
NOT_EXIST_AWAKEN_ITEM,覺醒物品列表不存在。
NOT_EXIST_PRODUCT_LIST,商品列表不存在。
NOT_EXIST_PLAYER_LIST,球員列表不存在。
INVALID_PLAYER_ID,無效的球員。
INVALID_AWAKEN_ITEM,無效的覺醒物品。
INVALID_AWAKEN_COST_PRODUCT,無效的覺醒商品。
NOT_ENOUGH_USER_PLAYER,擁有的球員數量不足。
NOT_ENOUGH_ABILITY_CARD,無法抽取6張卡牌。
NOT_AVAILABLE_RESET_TICKET,當前無法使用重置券。
USER_PLAYER_LIST_NOT_FOUND,用戶球員列表不存在。
ALREADY_SELECT_DIFFICULTY,難度已選擇。
NOT_SELECT_PLAYER_POOL,尚未選擇球員池。
NOT_SELECT_DIFFICULTY,尚未選擇難度。
NOT_START_ROUND,尚未開始回合。
DATA_HACKED,檢測到異常資料竄改。
INVALID_STATUS,當前狀態無法執行此請求。
TIME_OVER,時間已超時。
NOT_FOUND_USER_ARENA_ROUND,未找到用戶的競技場回合資訊。
