KEY,중국어-번체(zh-)
TUTORIAL_MISSION/BASIC_SERVE,進行基本發球
TUTORIAL_MISSION/BLOCKING,進行攔網
TUTORIAL_MISSION/FEINT,做佯攻
TUTORIAL_MISSION/JUMP_FLOATER_SERVE,做跳飄發球
TUTORIAL_MISSION/MOVE_LEFT,向左移動
TUTORIAL_MISSION/MOVE_RIGHT,向右移動
TUTORIAL_MISSION/RECEIVE,做接球
TUTORIAL_MISSION/SLIDING,進行魚躍
TUTORIAL_MISSION/SPIKE_SERVE,做跳扣式發球
TUTORIAL_MISSION/SPIKE,扣球
TUTORIAL_MISSION/PERFECT_BLOCKING,進行完美攔網
BLOCK_NET_FRONT_TIP,攔網必須在網前進行！
BLOCK_FASTER_TIP,再早一點起跳吧！
BLOCK_SLOWER_TIP,再晚一點起跳吧！
SPIKE_TWICE_TIP,在空中必須再按一次扣球按鈕！
SPIKE_NEAR_TIP,必須在靠近球的地方起跳！
PRACTICE_MATCH_OKAY_TIP,因為是練習賽，對方的分數不會增加！
MOVE_FAST_AFTER_SERVE_TIP,發球後要趕快進入場內！#（向右移動）
SPIKE_NEAR_TIP_02,要扣球，必須靠近球！
HOLD_RECEIVE_BUTTON,接球按鈕一直按著也沒關係！
SPIKE_JUMP_FASTER_TIP,太晚了！要更早起跳。
SPIKE_JUMP_LATER_TIP,太早了！要晚一點起跳。
GO_FRONT_NET_TIP,移動到網前準備攔網！
SPIKE_PRESS_LONG_TIP,要一直按住扣球按鈕！
TUTORIAL_LEVEL_BASIC,基礎教學
FEINT_PRESS_AIR_TIP,在空中按下佯攻按鈕！
TUTORIAL_BASIC_MOVEMENT,基礎動作
TUTORIAL_MED_MOVEMENT,基本動作
TUTORIAL_HARD_MOVEMENT,進階動作
TUTORIAL_BASIC_CONCEPT,基礎概念
,
TUTORIAL/SLOWER_MOVE,移動速度降低
TUTORIAL/SLOWER_MOVE_DES,當回合持續過久時，所有選手的移動速度會降低。
TUTORIAL/MOVE,移動
TUTORIAL/MOVE_DES,試著左右移動一下
TUTORIAL/SERVE,發球
TUTORIAL/SERVE_DES,按下 (n1) 發球！
TUTORIAL/BLOCKING,攔網
TUTORIAL/BLOCKING_DES,在網前按下並放開 (n1) 就能攔網！
TUTORIAL/SCOREBOARD,查看記分牌
TUTORIAL/SCOREBOARD_DES1,可以在畫面上方查看我方的體力和得分！
TUTORIAL/SCOREBOARD_DES2,體力會在防守強力球時消耗。
TUTORIAL/SCOREBOARD_DES3,如果體力不足，就會接球失敗，要注意喔！
TUTORIAL/JUMP_FLOATER_SERVE,跳飄發球
TUTORIAL/JUMP_FLOATER_SERVE_DES,按住 (n1) 發球！
TUTORIAL/SPIKE,扣球
TUTORIAL/SPIKE_DES,透過 (n1) 跳起，然後用 (n2) 扣球！
TUTORIAL/RECEIVE,接球
TUTORIAL/RECEIVE_DES,按住 (n1) 就能接球！
TUTORIAL/FEINT,佯攻
TUTORIAL/FEINT_DES,在空中按下 (n1) 就能做佯攻！
TUTORIAL/SPIKE_DES2,接球之後，配合舉球員的舉球來扣球吧！
TUTORIAL/SLIDING,魚躍
TUTORIAL/SLIDING_DES,按下(n1)就能進行魚躍！
TUTORIAL/SPIKE_SERVE,跳扣式發球
TUTORIAL/SPIKE_SERVE_DES,按住 (n1) 把球拋起，然後用 (n2) 扣球！
SPIKE_SERVE_TIP,發球拋得太低了！按久一點試試吧。
TUTORIAL_SKIP_QUESTION,確定要跳過教學嗎？隨時都能透過教學章節重新進行。
TUTORIAL/SHORT_SPIKE,短距離扣球
TUTORIAL/SHORT_SPIKE_DES2,透過 (n1) 可以把球向下猛扣。
TUTORIAL/LONG_SPIKE_DES,接球之後，用(n1)試著扣球吧！
FEVER_TUTORIAL/01,雪地爭奪賽有特殊規則。
FEVER_TUTORIAL/02,每次得分時，會根據回合長度累積狂熱。
FEVER_TUTORIAL/03,進入狂熱狀態時，體溫會上升，選手的屬性會提升。
RECEIVE_TIMING_TUTORIAL/01,準確度越高，受到的傷害越少。
TUTORIAL/SKILL,技能
TUTORIAL/SKILL_DES,部分{0}擁有自己獨特的{1}。#可在帶有{1}圖示的按鈕上確認該{1}的目前狀態。
TUTORIAL/SKILL_USE,使用技能
TUTORIAL/SKILL_USE_DES,可直接點擊按鈕與{0}和{1}互動。
TUTORIAL/SKILL_ACTIVATE,啟動技能
TUTORIAL/SKILL_ACTIVATE_DES,{0}可以在需要時點擊圖示來啟動。#{1}會保持啟動狀態，直到對被{2}強化的球進行{3}為止。
TUTORIAL/SKILL_COOLDOWN,技能冷卻時間
TUTORIAL/SKILL_COOLDOWN_DES,大部分{0}在效果結束後會暫時無法使用。
TUTORIAL/SKILL_COOLDOWN2_DES,大部分{0}在效果結束後會有{1}。#{1}期間無法再次啟動{2}。
TUTORIAL/SKILL_DURATION,持續時間
TUTORIAL/SKILL_DURATION_DES,{0}在點擊圖示後，會在指定的{1}內保持啟動狀態。
TUTORIAL/SKILL_STATUS_USING,生效中
TUTORIAL/SKILL_STATUS_AVAILABLE,可發動
TUTORIAL/SKILL_STATUS_UNAVAILABLE,無法使用
TEMPERATURE_TUTORIAL/01,左上顯示選手的體溫。
TEMPERATURE_TUTORIAL/02,每次回合結束時，體溫都會下降。
TEMPERATURE_TUTORIAL/03,當體溫下降時，選手的屬性也會下降。
COUNTER_RECEIVE_TUTORIAL/01,需要在正確的時機按下接球按鈕。
,
,
MOVE_TUTORIAL/01,今天和我一起學習排球的基本動作吧！
MOVE_TUTORIAL/02,先把身體活動開了嗎？
MOVE_TUTORIAL/03,可以用方向鍵移動。在場上輕輕走走看吧！
,
RECEIVE_TUTORIAL/01,好！身體活動開了嗎？
RECEIVE_TUTORIAL/02,我們要學的第一個動作是接球。
RECEIVE_TUTORIAL/03,接球是排球的基礎！是開啟所有回合的重要動作。
RECEIVE_TUTORIAL/04,我會輕輕拋球，你來接一下吧？
,
JUMPSPIKE_TUTORIAL/01,做得好！這次我們來學習扣球動作吧。
JUMPSPIKE_TUTORIAL/02,扣球是指把球打進對方場地的進攻。
JUMPSPIKE_TUTORIAL/03,雖然這是打排球必須掌握的動作，#對初學者來說是蠻有難度的動作！
JUMPSPIKE_TUTORIAL/04,但是相信我！我一定會讓你學會扣球的。
JUMPSPIKE_TUTORIAL/05,一開始直接打飛行中的球很難，所以先用固定的球練習吧！
,
RECEIVE_SPIKE_TUTORIAL/01,幹得好！是不是有點感覺了？從現在開始才是真正的考驗。
RECEIVE_SPIKE_TUTORIAL/02,我會輕輕舉球，你來抓準時機扣球吧。
RECEIVE_SPIKE_TUTORIAL/03,看到移動中的球可能會慌張，但配合我的舉球冷靜揮臂吧。你一定做得到！
,
SERVE_TUTORIAL/01,太棒了！這樣看來你真的很有天賦！
SERVE_TUTORIAL/02,來吧，現在最後學一下發球吧！
SERVE_TUTORIAL/03,發球是指將球打入對方場地、#以此開啟比賽的排球基本動作。
SERVE_TUTORIAL/04,在現代排球中，發球是一把強大的武器！越是優秀的球員，就越能掌握並運用多種發球。
SERVE_TUTORIAL/05,但是……初學者想要直接挑戰高難度發球還是蠻困難的。
SERVE_TUTORIAL/06,首先我們先學最基本的發球吧。
SERVE_TUTORIAL/07,大力發球雖然重要，但首先得先做到穩定！下次我會教你跳發球，今天就先輕輕鬆鬆找找感覺吧。
,
PRACTICE_GO_TUTORIAL/01,基本動作到這裡就夠了。辛苦了！
PRACTICE_GO_TUTORIAL/02,實戰可能會緊張，但只要冷靜地照學過的做就行！
,
BLOCKING_TUTORIAL/01,攔網是在網前攔截對方扣球的動作。
BLOCKING_TUTORIAL/02,它可以縮小對手的進攻路線，#只要稍微碰一下就能大大減弱威力，所以一定要學會。
BLOCKING_TUTORIAL/03,我會輕輕打一下，你要不要親自試試？
,
RECEIVE_FEINT_TUTORIAL/01,做得好！馬上進入下一個動作吧。
RECEIVE_FEINT_TUTORIAL/02,這次要學的動作是佯攻！
RECEIVE_FEINT_TUTORIAL/03,不是油漆桶裡的漆，而是佯攻！
RECEIVE_FEINT_TUTORIAL/04,在扣球姿勢時，用指尖輕輕把球撥過去，#攻擊對手的空檔。
RECEIVE_FEINT_TUTORIAL/05,在對手體力低時特別有效，所以要學會適時使用！
RECEIVE_FEINT_TUTORIAL/06,現在馬上來試試吧！
,
JUMP_FLOATER_TUTORIAL/01,做得好！我們進入最後一個動作吧？
JUMP_FLOATER_TUTORIAL/02,跳飄發球！
JUMP_FLOATER_TUTORIAL/03,這是在起跳後打出無旋轉發球的一種發球。
JUMP_FLOATER_TUTORIAL/04,球沒有旋轉時，軌跡就會飄忽不定，讓對方隊伍很難接球！
JUMP_FLOATER_TUTORIAL/05,雖然得分能力不算強#但可以削減對手的體力，會很有幫助！
JUMP_FLOATER_TUTORIAL/06,現在馬上來試試吧？
,
PRACTICE_GO_TUTORIAL_02/01,幹得不錯！今天先學到這裡就好啦。
PRACTICE_GO_TUTORIAL_02/02,雖然還有跳扣式發球和魚躍這些較難的動作，下次再教你！
,
SLIDING_TUTORIAL/01,比賽近在咫尺了！僅僅按以前的方式打是不夠的。
SLIDING_TUTORIAL/02,今天跟我一起學個新技巧吧！
SLIDING_TUTORIAL/03,今天要學的第一個動作是魚躍！#之前也常因為體力不足而防守失敗吧？
SLIDING_TUTORIAL/04,魚躍是個重要動作，#即使體力不足也能把球救起來！
SLIDING_TUTORIAL/05,雖然比接球更需要精準的時機，#但能在不消耗體力的情況下把球救起來，是非常重要的技巧！
SLIDING_TUTORIAL/06,來試試看！我會輕輕把球打過去，抓準時機魚躍救球吧！
,
SPIKE_SERVE_TUTORIAL/01,好！接下來是最難但最強力的發球…
SPIKE_SERVE_TUTORIAL/02,學習一下跳扣式發球吧！
SPIKE_SERVE_TUTORIAL/03,顧名思義，跳扣式發球就是用扣球來發球的動作。
SPIKE_SERVE_TUTORIAL/04,首先要把發球拋到合適的高度，#並抓準時機和擊球點。
SPIKE_SERVE_TUTORIAL/05,雖然很強大，可以大幅消耗對手體力，#但缺點是失分風險也很大。
SPIKE_SERVE_TUTORIAL/06,要不要試試看？練習的時候也該試試難的發球！
,
PRACTICE_GO_TUTORIAL_03/01,好！今天就到這裡！
PRACTICE_GO_TUTORIAL_03/02,我能教的動作已經都教給你了。
PRACTICE_GO_TUTORIAL_03/03,現在就在實戰中多加運用，把學到的東西徹底變成你自己的吧！
,
CASUAL_RECEIVE_TUTORIAL/03,今天和我一起學習排球的基本動作吧！
CASUAL_RECEIVE_TUTORIAL/04,我們要學的第一個動作是接球。
CASUAL_RECEIVE_TUTORIAL/05,接球是排球的基礎！是開啟所有回合的重要動作。
CASUAL_RECEIVE_TUTORIAL/06,我會輕輕拋球，你來接一下吧？
,
CASUAL_LONG_SPIKE_TUTORIAL/01,做得好！這次我們來學習扣球動作吧。
CASUAL_LONG_SPIKE_TUTORIAL/02,扣球是指把球打進對方場地的進攻。
CASUAL_LONG_SPIKE_TUTORIAL/03,這是打排球必須學會的動作，#對初學者來說也相當有難度！
CASUAL_LONG_SPIKE_TUTORIAL/04,我會輕輕舉球，你來抓準時機扣球吧。
CASUAL_LONG_SPIKE_TUTORIAL/05,看到移動中的球可能會慌張，但配合我的舉球冷靜揮臂吧。你一定做得到！
,
CASUAL_SHORT_SPIKE_TUTORIAL/01,好！不要停下來，繼續保持節奏！
CASUAL_SHORT_SPIKE_TUTORIAL/02,剛才因為離球網有些距離，所以你把扣球打得比較遠，對吧？
CASUAL_SHORT_SPIKE_TUTORIAL/03,這次我會把球托近網前，你試著把扣球狠狠地往下砸吧！
CASUAL_SHORT_SPIKE_TUTORIAL/04,向下扣球在攔網面前比較脆弱，所以要根據情況聰明地選擇進攻路線。
CASUAL_SHORT_SPIKE_TUTORIAL/05,現在馬上來試試吧！
,
CASUAL_FEINT_TUTORIAL/01,這次要學的動作是佯攻！
CASUAL_FEINT_TUTORIAL/02,不是油漆桶裡的漆，而是佯攻！
CASUAL_FEINT_TUTORIAL/03,在扣球姿勢時，用指尖輕輕把球撥過去，#攻擊對手的空檔。
CASUAL_FEINT_TUTORIAL/04,在對手體力低時特別有效，所以要學會適時使用！
CASUAL_FEINT_TUTORIAL/05,現在馬上來試試吧！
,
CASUAL_BLOCK_TUTORIAL/01,接下來要學習的動作是攔網！
CASUAL_BLOCK_TUTORIAL/02,攔網是在網前攔截對方扣球的動作。
CASUAL_BLOCK_TUTORIAL/03,在輪轉中處於前排時可以進行攔網！#啊，這樣說會不會有點難懂？
CASUAL_BLOCK_TUTORIAL/04,當對方發球時，如果我們隊得分，#我們獲得發球權，隊員的起始位置會輪轉。
CASUAL_BLOCK_TUTORIAL/05,這時，正好在網前的選手就要準備攔網了！
CASUAL_BLOCK_TUTORIAL/06,它可以縮小對手的進攻路線，#只要稍微碰一下就能大大減弱威力，所以一定要學會。
CASUAL_BLOCK_TUTORIAL/07,我會輕輕地打給你，你要不要自己試試？
,
CASUAL_SLIDING_TUTORIAL/01,這次來學習位於後排時的防守動作——魚躍！
CASUAL_SLIDING_TUTORIAL/02,魚躍是個重要動作，#即使體力不足也能把球救起來！
CASUAL_SLIDING_TUTORIAL/03,雖然比接球更需要精準的時機，#但能在不消耗體力的情況下把球救起來，是非常重要的技巧！
CASUAL_SLIDING_TUTORIAL/04,來試試看！我會輕輕把球打過去，抓準時機魚躍救球吧！
,
CASUAL_SPIKE_SERVE_TUTORIAL/01,好！接下來是最難但最強力的發球…
CASUAL_SPIKE_SERVE_TUTORIAL/02,學習一下跳扣式發球吧！
CASUAL_SPIKE_SERVE_TUTORIAL/03,顧名思義，跳扣式發球就是用扣球來發球的動作。
CASUAL_SPIKE_SERVE_TUTORIAL/04,首先要把發球拋到合適的高度，#並抓準時機和擊球點。
CASUAL_SPIKE_SERVE_TUTORIAL/05,雖然很強大，可以大幅消耗對手體力，#但缺點是失分風險也很大。
CASUAL_SPIKE_SERVE_TUTORIAL/06,要不要試試看？練習的時候也該試試難的發球！
,
CASUAL_END_TUTORIAL/01,比賽近在咫尺了！僅僅按以前的方式打是不夠的。
CASUAL_END_TUTORIAL/02,等等！原來你一直在自動操作模式下玩啊。
CASUAL_END_TUTORIAL/03,自動操作模式會輔助很多動作，讓你能輕鬆愉快地玩遊戲！
CASUAL_END_TUTORIAL/04,不過，無法完全隨心所欲地操作，技術進步也就有明顯的限制。
CASUAL_END_TUTORIAL/05,適應到一定程度後，建議切換到手動模式來玩！
CASUAL_END_TUTORIAL/06,各模式的教學內容不同，切換到手動操作模式後，一定要再看一次教學！
CASUAL_END_TUTORIAL/07,不過我會在你身邊好好幫忙的，所以一起加油吧！
,
TUTORIAL/CONDITION_DES/01,在比賽過程中，球員可能會因情況#進入特定的狀態。
TUTORIAL/CONDITION_DES/02,進入興奮狀態時，攻擊力和速度提升，但跳躍力和防守力下降。#主要在進攻失敗或被攔網時發生。
TUTORIAL/CONDITION_DES/03,進入專注狀態時，整體能力值提升。#主要在連續成功攻擊、攔網或發球時發生。
TUTORIAL/CONDITION_DES/04,進入洩氣狀態時，整體能力值下降。#主要在防守或進攻失敗時發生。
TUTORIAL/CONDITION_DES/05,進入大意狀態時，防守力和速度大幅下降。#主要在長時間未觸球時發生。
FEVER_TUTORIAL/TITLE,特殊規則
TUTORIAL/WS_DECRIPTION,WS是球隊的王牌，負責主要進攻。
TUTORIAL/SE_DECRIPTION,Se（舉球員）將接到的球傳起，為扣球手創造進攻機會。
TUTORIAL/MB_DECRIPTION,MB透過快攻干擾對方攔網，並為WS的進攻做保護。
TUTORIAL/POSITION_DECRIPTION,球隊共有3個位置。
TUTORIAL/LISIA_DESCRIPTION,莉西亞的天空發球會從高處迅速下落。#必須抓準時機魚躍救球。
,
BEACH_FEVER_TUTORIAL/01,沙灘排球突襲有特殊規則。
HEAT_TUTORIAL/01,在炎熱的沙灘上比賽的時間越長，選手的體溫就會上升。
HEAT_TUTORIAL/02,選手的體溫越高，攻擊力和速度就會提升。
HEAT_TUTORIAL/03,但是，彈跳力和防守力會大幅下降。
HEAT_TUTORIAL/04,因此，球員體溫過高時就需要換人。
HEAT_TUTORIAL/05,選手的體溫顯示在左上角。
ITEM_TUTORIAL/01,善用每3分發放的道具，就能策略性地掌握比賽。
ITEM_TUTORIAL/02,過度依賴狂熱會讓體溫快速上升，請小心。
BEACH_RAID/HEAT,炎熱
TUTORIAL/UI/DES_01,可以在這裡推進劇情。
TUTORIAL/UI/DES_02,達到更高段位後，可以挑戰新的比賽。
TUTORIAL/UI/DES_03,可以在這裡磨練實力。
TUTORIAL/UI/DES_04,可以在這裡招募新球員。
TUTORIAL/UI/DES_05,可以在這裡直接招攬想要的球員。
TUTORIAL/UI/DES_06,可以在這裡裝扮球員外觀或購買排球。
TUTORIAL/UI/DES_07,達到新段位後，可以在這裡領取獎勵。
TUTORIAL/UI/DES_08,查看各段位的挑戰任務。
TUTORIAL/UI/DES_09,完成挑戰任務可以獲得獎勵。#完成所有挑戰任務後可以晉級。
TUTORIAL/UI/DES_10,選擇一名球員。
TUTORIAL/UI/DES_11,可以查看球員的能力值。
TUTORIAL/UI/DES_12,狀態觸發後，會暫時強化或弱化球員。#球員的狀態值越高，觸發機率就越高。
TUTORIAL/UI/DES_13,可以裝扮球員的外觀。
TUTORIAL/UI/DES_14,可以將想優先查看的球員加入收藏。
TUTORIAL/UI/DES_15,可以立即遊玩此畫面推薦的內容。
TUTORIAL/UI/DES_16,很好！#現在可以自由參加比賽，培養喜歡的球員並提升實力了！
TUTORIAL/NEW_PLAYER/DES_01,現在可以使用新球員了！
TUTORIAL/NEW_PLAYER/DES_02,前往球員管理畫面。
TUTORIAL/NEW_PLAYER/DES_03,可以在這裡將新球員設為主力。
TUTORIAL/NEW_PLAYER/DES_04,已登錄新的舉球員！
TUTORIAL/NEW_PLAYER/DES_05,現在讓我們親自培養球員。
TUTORIAL/NEW_PLAYER/DES_06,提升能力值等級可以提高球員等級。
TUTORIAL/NEW_PLAYER/DES_07,提升球員等級時需要額外的<item=EXPPOINT>。
TUTORIAL/NEW_PLAYER/DES_08,球員的評級越高，升級所需的#<item=EXPPOINT>和<item=CREDIT>就越多。
TUTORIAL/NEW_PLAYER/DES_09,糟糕！現在似乎無法升級球員……
TUTORIAL/NEW_PLAYER/DES_10,在這裡也可以直接將球員設為主力。
TUTORIAL/NEW_PLAYER/DES_11,現在就用新球員享受更加豐富多彩的比賽吧！
,
TUTORIAL_MB_MOVEMENT,中間手訓練
TUTORIAL_MISSION/QUICK,成功完成快攻
TUTORIAL_MISSION/FAKE_QUICK,吸引羅伯特攔網
TUTORIAL/QUICK,快攻
TUTORIAL/QUICK_DES,在舉球員出手前起跳，#舉球員就會給中間手傳快球。
QUICK_TUTORIAL/01,快攻是中間手最基本的技術。#要是連這個都不會……那就不太好意思說自己是中間手了吧？
QUICK_TUTORIAL/02,關鍵是要在我方舉球員出手前起跳。#等球傳過來時，你應該已經到達可以扣球的高度了。
QUICK_TUTORIAL/03,只要時機合適，舉球員自然會把球送到你手邊。
QUICK_TUTORIAL/04,先試試看。在我附近，於傳球前一刻起跳……直接扣下去！
RECEIVE_QUICK_TUTORIAL/01,喔～不錯嘛？這次有模有樣了。
RECEIVE_QUICK_TUTORIAL/02,這次要不要按照實戰來試試？
RECEIVE_QUICK_TUTORIAL/03,羅伯特會幫你的。#他會適當配合，讓你掌握快攻時機，不用擔心。
RECEIVE_QUICK_TUTORIAL/04,接球後立刻跑到網前。#按照剛才學的，完成一次快攻吧。
FAKE_QUICK_TUTORIAL/01,好，好。現在開始有模有樣了嘛？
FAKE_QUICK_TUTORIAL/02,看來你已經掌握一些快攻時機了……#那麼羅伯特，現在認真攔一次吧。
FAKE_QUICK_TUTORIAL/03,這次他會配合你的快攻時機，認真進行攔網。#應該沒辦法像剛才那樣輕鬆扣球了吧？
FAKE_QUICK_TUTORIAL/04,不過啊。#中間手也不一定非要扣球。#迷惑對方的攔網球員也是你的任務。
FAKE_QUICK_TUTORIAL/05,只要配合時機起跳，裝作要打快攻，對方就很難無視你。
FAKE_QUICK_TUTORIAL/06,這次不要碰球，只起跳。#吸引羅伯特起跳攔網，讓我方主攻透過時間差進攻得分。
PRACTICE_GO_TUTORIAL_04/01,喔～非常好，非常好。
PRACTICE_GO_TUTORIAL_04/02,和打主攻時又不一樣吧？怎麼樣，能行嗎？
PRACTICE_GO_TUTORIAL_04/03,你應該已經明白快攻是什麼了，剩下的就透過不斷練習來掌握吧。
WRONG_ATTACK_POSITION_TIP,在發光區域內起跳吧。
MIDAIR_AT_TOSS_TIP,要在舉球員出手前起跳。
MIDAIR_AT_TOSS_TIP_THATS_OPEN,那不是快攻，而是高球強攻。
MIDAIR_AT_TOSS_TIP_TOO_FAST,再稍微晚一點起跳吧。
MIDAIR_AT_TOSS_TIP_TOO_FAR,離球網越遠，快攻就越難。
ATTACK_BEFORE_TOSS_TIP,配合舉球員傳球的時機進攻吧。
ATTACK_IN_COURT_TIP,要在身體更前方擊球。
FAKE_JUMP_TIP,按照快攻的時機起跳吧。
FAKE_QUICK_TIP,不要擊球，直接落地吧。
TOO_FAST_QUICK_TIP,看準時機揮臂吧。
QUICK_TOSS_FAIL_TIP,你得提前起跳，我才能給你舉快攻球啊。
BLOCKING_BREAK_TIP,瞄準弱點，突破攔網！
,
TUTORIAL/ELITE_RULE_UI_APPEAR_DES,每名球員都擁有各自獨立的耐力和精神力。#耐力顯示為黃色，精神力顯示為藍色。
TUTORIAL/ELITE_RULE_UI_DAMAGE_DES,接球的球員會同時減少耐力和精神力。#耐力耗盡時，防守將會失敗。
TUTORIAL/ELITE_RULE_DEFENSE_TIMING_DES,看準時機按下魚躍或接球按鈕，可以減少受到的傷害。#若未按下按鈕，球員將根據隨機判定進行防守。
TUTORIAL/ELITE_RULE_RECEIVE_DES,在準確的時機接球，球將穩定地彈起。#成功完成完美接球時，將出現機會球。
TUTORIAL/ELITE_RULE_SLIDING_DES,魚躍可以防守較大範圍，但球彈起時會更加不穩定。#使用魚躍防守時，不會出現機會球。
TUTORIAL/ELITE_RULE_FLOATER_SERVE_DES,飄球發球和混合發球可以造成無視防守力的傷害。#若未能在準確的時機防守，將受到大量傷害。
TUTORIAL/ELITE_RULE_MENTALITY_DES,精神力在回合結束後也不會輕易恢復。#精神力越低，防守時消耗的耐力越多。
TUTORIAL/ELITE_RULE_EXHAUST_DES,精神力全部耗盡後，球員會暫時陷入力竭狀態。#處於力竭狀態時，精神力不會恢復。
TUTORIAL/ELITE_RULE_FORMATION_DES,即使發球權發生變化，球員的防守位置也不會改變。#可以在暫停期間調整球員的防守位置。
TUTORIAL/RAID_TIP_06,時機幾乎完美！
