KEY,러시아어(ru)
엘리트룰,
ELITE_RULE,Элитные правила
ELITE_RULE/DEFENSE,Элитная защита
ELITE_RULE/DEFENSE/DES,"В элитных правилах требуется точная защита.#Чем ближе момент приёма или приёма в падении к касанию мяча, тем выше точность. В зависимости от точности можно получить оценку PERFECT, GREAT, GOOD или BAD.#Чем ближе оценка к PERFECT, тем меньше урон личной выносливости и силе духа."
ELITE_RULE/DEFENSE_PERFECT,Защита PERFECT
ELITE_RULE/DEFENSE_PERFECT/DES,"Идеальная защита, выполненная в пределах заданного числа кадров, нейтрализует 100% атаки соперника и отменяет действие особых способностей.#Идеальный приём даёт пас A и восстанавливает часть личной выносливости и силы духа.#Приём: в пределах 1 кадра#Приём в падении: в пределах 3 кадров"
ELITE_RULE/DEFENSE_GREAT,Защита GREAT
ELITE_RULE/DEFENSE_GREAT/DES,"Защита GREAT нейтрализует 80% атаки соперника.#Если личной выносливости недостаточно, защита может не удаться даже при оценке GREAT."
ELITE_RULE/DEFENSE_GOOD,Защита GOOD
ELITE_RULE/DEFENSE_BAD,Защита BAD
ELITE_RULE/DEFENSE_BAD/DES,"Если выполнить защиту слишком поздно, можно получить оценку BAD. Защита BAD увеличивает урон личной выносливости и силе духа защищавшегося игрока, поэтому лучше избегать оценки BAD при приеме.#При приёме в падении оценка защиты BAD не выдается."
ELITE_RULE/RECEIVE_COMMAND,Команда на приём
ELITE_RULE/RECEIVE_COMMAND/DES,"По элитным правилам кнопка приёма позволяет задавать момент приёма для товарищей по команде.#Если до конца доступного для приёма времени команда не поступит, товарищ самостоятельно выполнит защиту в последний момент.#Шкала времени защиты показывает точность команды на приём или самостоятельного действия товарища."
ELITE_RULE/EXHAUSTION,Истощение
ELITE_RULE/EXHAUSTION/DES,"Игрок, полностью потерявший силу духа, входит в состояние истощения.#В состоянии истощения личная выносливость и сила духа не восстанавливаются.#Истощение можно снять заменой игрока или тайм-аутом. При этом сила духа и личная выносливость полностью восстанавливаются."
ELITE_RULE/MENTALITY,Сила духа
ELITE_RULE/MENTALITY/DES,"У каждого игрока свой запас силы духа. Когда он исчерпан, наступает истощение.#Сила духа убывает пропорционально мощи атаки соперника, но защита позволяет уменьшить урон."
ELITE_RULE/INDIVIDUAL_STAMINA,Личная выносливость
ELITE_RULE/INDIVIDUAL_STAMINA/DES,У каждого игрока свой запас выносливости. При низкой выносливости мяч отлетает далеко даже при защите от атаки соперника с помощью приёма или приёма в падении.
RULE/ELITE_RECEIVE,Элитный приём
RULE/MATCH_RULE,Правила матча
RULE/INDIVIDUAL_STAMINA,Личная выносливость
EV2609 이벤트 이후 삭제해도 되는 언어,
EV2609,Элитный этап
EV2609_DES,"На элитных этапах действуют особые элитные правила.##Каждый день сражайтесь с новой командой соперников, выполняйте условия получения звёзд и собирайте их. В ежедневный результат засчитывается только лучший результат по звёздам, достигнутый в матче этого дня.##За первую победу каждого дня можно получить ежедневную награду. Вы также можете продолжать проходить тот же матч, чтобы заработать больше звёзд. Еженедельные награды выдаются в зависимости от общего количества звёзд, собранных за неделю."
EV2609_COIN,Элитная монета
EV2609_COIN_DESC,"Ивентовая валюта, которую можно получить на элитных этапах.#Можно использовать в магазине."
EV2609_EXTRA_REWARD_TICKET,Билет на дополнительную награду
EV2609_EXTRA_REWARD_TICKET_DESC,При использовании позволяет получить сегодняшнюю ежедневную награду ещё один раз. Награда выдаётся за прохождение этапа. Купить билет можно один раз в день.
EV2609_RECRUIT_GAUGE,Шкала элитного рекрутинга
EV2609_RECRUIT_GAUGE_DESC,"Шкала рекрутинга, доступная во время события элитных этапов. При скаутинге элитных игроков расходуется в первую очередь, лимита накопления нет. Исчезает после окончания события."
EV2609_PLAYER_RECRUIT_TICKET,Билет набора элитных игроков с повышенным шансом
EV2609_PLAYER_RECRUIT_TICKET_DESC,"Билет найма, который можно использовать во время события «Элитный этап».#Позволяет нанимать ивентовых игроков."
EV2609_RAID_SHOP_POPUP,"Здесь можно обменять указанную валюту на различные виды валюты, билеты найма и предметы."
EV2609_POPUP_DESC,"Бросьте вызов элитному этапу! Встречайте Хан Гитхэ, Со Юну и Кан Седжина!"
EV2609_POPUP_PLAY_TITLE,Элитный этап
EV2609_POPUP_PLAY_DESC,"Побеждайте команды, меняющиеся каждый день."
EV2609_POPUP_PICKUP_TITLE,Начался набор элитных игроков с повышенным шансом!
EV2609_POPUP_PICKUP_DESC,Набор эксклюзивных игроков элитных этапов с повышенным шансом и#продажа наборов
EV2609_LOGIN_BONUS,Элитный пропуск за вход
EV2609_POPUP_ATTENDANCE_DESC,Получайте эксклюзивные предметы и элитные монеты!#Премиальный и королевский пропуски уже доступны!
DIFFICULTY_EXTREME,Экстрим
EV2609_UNLOCK_EXTRA_REWARD,Сброс наград
EV2609_CLEAR_RESULT,Результаты прохождения
EV2609_RESET_INFO,Сбрасывается ежедневно в 00:00 (UTC).
NO_CLEAR_RESULT,Нет результатов прохождения.
EV2609_CLAIM_WEEKLY_FIRST,Необходимо получить еженедельную награду
EV2609_NO_STAGE,Сегодня нет доступных этапов.
EV2609_USE_REWARD_TICKET_DES,"Используйте, чтобы ещё раз получить сегодняшнюю ежедневную награду.#Награда выдаётся после прохождения этапа."
EV2609_ERROR_ALREADY_CLAIMED_WEEKLY_REWARD,Нет доступных наград.
EV2609_ERROR_INVALID_EVENT,Это событие недействительно.
EV2609_ERROR_NOT_STAGE_TODAY,Этот этап сегодня недоступен.
EV2609_ERROR_DAILY_REWARD_AVAILABLE,Ежедневная награда всё ещё доступна.
EV2609_ERROR_NOT_ENOUGH_PRODUCT,Недостаточно билетов на дополнительную награду.
EV2609_ERROR_MATCH_IN_PROGRESS,Матч уже идёт.
EV2609_STAR_REQUIRE,или больше
EV2609_MISSION_MB_WIN,"Победить {0} раз в выигранных матчах, управляя центральным блокирующим"
EV2609_MISSION_BACK_ATTACK,Успешно выполнить атаку с задней линии {0} раз в выигранных матчах
EV2609_MISSION_SERVE_ACE,Сделать {0} эйсов с подачи в выигранных матчах
EV2609_MISSION_PERFECT_RECEIVE,"Успешно выполните {0} идеальных приёмов, управляя игроком, в выигранных матчах."
EV2609_MISSION_MB_QUICK,"Выполнить {0} быстрых атак в выигранных матчах, управляя центральным блокирующим"
EV2609_MISSION,Задания элитного этапа
EV2609_MISSION_DES,Эти особые задания доступны на протяжении всего элитного события. Все задания можно выполнить в матчах элитного этапа.
EV2609_MATCH_PERIOD_END,Событие завершено. Теперь можно только получить награды. Перейти к окну наград?
EV2609_REWARD_ONLY_ONCE,Только в первый раз
EV2609_WEEKLY_REWARD,Еженедельные награды
EV2609_WEEKLY_REWARD_LIST,Список еженедельных наград
EV2609_EXCHANGE_SHOP,Магазин элитных монет
RECRUIT_ELITE_SEO_YUNA_TITLE,Набор Со Юны ранга S
RECRUIT_ELITE_SEO_YUNA_DESC,"Можно нанять игроков, в том числе доигровщицу Со Юну ранга S, появившуюся на элитных этапах."
RECRUIT_ELITE_HAN_GITAE_TITLE,Набор Хан Гитхэ ранга S+
RECRUIT_ELITE_HAN_GITAE_DESC,"Можно нанять игроков, в том числе центрального блокирующего Хан Гитхэ ранга S+, появившегося на элитных этапах."
RECRUIT_ELITE_KANG_SEJIN_TITLE,Набор Кан Седжина ранга S
RECRUIT_ELITE_KANG_SEJIN_DESC,"Можно нанять игроков, в том числе связующего Кан Седжина ранга S, появившегося на элитных этапах."
EV2609_PICKUP_WS,WS Со Юна
EV2609_PICKUP_MB,MB Хан Гитхэ
EV2609_PICKUP_SE,Se Кан Седжин
EV2609_LOGIN_BONUS_DESC,"Заходите в игру в указанный срок, чтобы получать различные предметы и валюту."
EV2609_SPECIALIZATION_BOX,Ящик очков открытия специализаций
EV2609_SPECIALIZATION_BOX_DES,Можно случайным образом получить до 2 из 9 видов очков открытия специализаций. Эту награду можно получить один раз в день за первую победу.
,
,
,
,
,
,
,
상시 편입 언어,
RECRUIT/GAUGE_SCOUT_READY,Гарантированное получение ещё через {0} наймов!
RECRUIT/SCOUT_CONFIRM_GAUGE,Потратить {0} единиц шкалы на скаутинг?
RECRUIT/SCOUT_CONFIRM_GAUGE_ONE,Потратить {0} в количестве {1} на скаутинг?
RECRUIT/SCOUT_CONFIRM_GAUGE_TWO,Потратить {0} в количестве {1} и {2} в количестве {3} на скаутинг?
RECRUIT/NO_SKIN_RECRUITING,"Сейчас нет скинов, доступных для набора!"
ALERT/PICKUP_GAUGE_HELD_CAP,В наличии {0} / Лимит {1}
,
ALERT/PICKUP_GAUGE_NO_MORE,Больше нельзя получить единицы шкалы рекрутинга с повышенным шансом.
RECRUIT_GAUGE,Шкала рекрутинга с повышенным шансом
RECRUIT_GAUGE_DESC,Можно использовать для скаутинга игроков. При наборе за билеты набора избранного игрока или V-поинты каждый 1 нанятый игрок добавляет 1 единицу шкалы рекрутинга с повышенным шансом.#Нельзя хранить более 135 единиц этой шкалы.
BEGINNER_RECRUIT_TICKET,Билет найма для новичков
BEGINNER_RECRUIT_TICKET_DESC,"Билет найма, помогающий новичкам быстрее развиваться.#Попробуйте нанять игрока ранга S!"
BEGINNER_RECRUIT_GAUGE,Шкала набора для новичков
BEGINNER_RECRUIT_GAUGE_DESC,Можно использовать в скаутинге игроков для новичков. При рекрутинге с помощью билетов новичка шкала рекрутинга новичка увеличивается на 1 за каждого нанятого игрока.
BEGINNER_RECRUIT/SELECT_SCOUT_TARGET,Выберите игрока для скаутинга.
ALERT/PICKUP_GAUGE_LIMIT,Нельзя хранить более 135 единиц шкалы рекрутинга с повышенным шансом.#Продолжить набор?
CONVERT,Преобразовать
SCOUT_POINT_CONVERSION,Обмен очков пикап-скаута
PICKUP_GAUGE_LIMIT_DES,Можно хранить до 135 единиц шкалы рекрутинга с повышенным шансом.
CAN_CONVERT_MORE_ONE,Для преобразования требуется минимум 1.
MOVE_TO_GUIDE_PLAYER_DES,Посмотреть описание игрока {0}?
NO_MORE_SCOUT_POINT,Нет очков пикап-скаута.
CHECK_SCOUT_POINT_AMOUNT,Нельзя преобразовать это количество.
CALENDAR_BEFORE_FIRST_PURCHASE,Ещё не началось.
RECRUIT/SCOUT_HELP_LINE_1,Скаут позволяет гарантированно получить игрока.
RECRUIT/SCOUT_HELP_LINE_2,Для скаутинга можно расходовать единицы шкалы набора.
RECRUIT/SCOUT_HELP_LINE_3,"В обычном наборе, наборе по позициям и наборе Колизея для скаутинга используются очки скаута."
RECRUIT/SCOUT_RULE_GAUGE_CAP,Можно хранить до {0} единиц шкалы набора с повышенным шансом.
RECRUIT/SCOUT_RULE_PICKUP_CONVERT,Очки скаута набора с повышенным шансом можно обменять на единицы шкалы этого набора.
RECRUIT/SCOUT_RULE_BLOCK,"Нельзя нанять игрока через скаутинг, если у него 5 прорывов или у вас есть 5 его фрагментов силы."
,
,
BEGINNER_RECRUIT_DESC_1,"Используйте 40 билетов найма, чтобы гарантированно получить 1 игрока ранга S!"
BEGINNER_RECRUIT_DESC_2,Этот товар можно купить в магазине.
,
BEGINNER_RECRUIT/RECENTLY_SELECTED,Недавно выбрано
RECRUIT/TAB_BASIC,Обычный набор
RECRUIT/TAB_COLOSSEUM,Набор игроков Колизея
RECRUIT/PICKUP_REMAIN,До окончания: {0}
RECRUIT/SCOUT_ROUND,Попытка {0}
RECRUIT/SCOUT_NEXT_NEED,Для скаутинга нужно единиц шкалы рекрутинга: {0}
RECRUIT/SCOUT_GAUGE_TABLE_TITLE,Справка по шкале рекрутинга для скаутинга
RECRUIT/SCOUT_GAUGE_TABLE_COL_ROUND,Попытка
RECRUIT/SCOUT_GAUGE_TABLE_COL_NEED,Необходимая шкала рекрутинга
CAN_RECRUIT_SCOUT,Можно получить {0}!
RECRUIT/TAB_POSITION,Набор игроков по позициям
RECRUIT/TAB_COLOSSEUM,Набор игроков Колизея
RECRUIT_NORMAL,Обычный набор
RECRUIT_WS,Набор доигровщика
RECRUIT_MB,Набор центрального блокирующего
RECRUIT_SE,Набор связующего
,
RECRUIT/SCOUT_CONFIRM_TITLE,Скаутинг: {0}
RECRUIT/SCOUT_GAUGE_TABLE_COL_ROUND,Попытка
RECRUIT/SCOUT_GAUGE_TABLE_TITLE,Скаутинг
RECRUIT/SCOUT_GAUGE_TABLE_DES,Скаутинг гарантирует получение игрока. Для скаутинга можно использовать шкалу рекрутинга или очки скаута.
RECRUIT/SCOUT_LONG_DES,При скаутинге за шкалу рекрутинга её стоимость для следующего скаутинга уменьшается. # Можно хранить до 135 единиц шкалы рекрутинга с повышенным шансом.
RECRUIT/SCOUT_BLOCKED_AWAKEN,Больше получить нельзя.
RECRUIT/BUY_TICKET_WITH_COIN_AND_RECRUIT,Купить {2} в количестве {3} за {0} в количестве {1} и начать набор?
CALENDAR_SCHEDULED,Запланировано
CALENDAR_EXPIRED,Срок использования истёк
CALENDAR_GLOBAL_BEFORE,Скоро открытие
CALENDAR_GLOBAL_AFTER,Работа завершена
CALENDAR_CONFIG_MISSING,Требуется обновление настроек
DIRECT_RECRUIT,Нанять сейчас
CAN_RECRUIT,Набор доступен
EVENT_PICKUP_DES,· При скаутинге игроков {0} расходуется в первую очередь. Исчезает после окончания события.
RECRUIT/NOT_ENUGH_GAUGE,Недостаточно шкалы рекрутинга.
BEGINNER_RECRUIT,Набор игроков для новичков
BEGINNER_RECRUIT_TITLE,Набор игроков для новичков
BEGINNER_RECRUIT_DESC,Билеты найма для новичков позволяют гарантированно получить игрока ранга S.
BEGINNER_RECRUIT/CONFIRM_SCOUT_TARGET,Выбор игрока
BEGINNER_RECRUIT/TIP_MINJUN/KEYWORD,Высокая результативность
BEGINNER_RECRUIT/TIP_MINJUN,Прост в освоении и результативен  -  рекомендован для всего контента
BEGINNER_RECRUIT/TIP_YOUNGSUB/KEYWORD,Универсальный тип
BEGINNER_RECRUIT/TIP_YOUNGSUB,Стабильная сила  -  силён во всём контенте
BEGINNER_RECRUIT/TIP_ISABEL/KEYWORD,Специалист по контратакам
BEGINNER_RECRUIT/TIP_ISABEL,"Сложен в освоении, но обладает высоким потенциалом и хорошо подходит для сложного контента"
BEGINNER_RECRUIT/TIP_ATIS/KEYWORD,Тип прессинга быстрой атакой
BEGINNER_RECRUIT/TIP_ATIS,Давит атлетизмом и быстрыми атаками  -  рекомендован для всего контента
BEGINNER_RECRUIT/TIP_HANRA/KEYWORD,Тип стабильной защиты
BEGINNER_RECRUIT/TIP_HANRA,Усиливает стабильность защитой и поддержкой  -  рекомендован для всего контента
BEGINNER_RECRUIT/TIP_SANGHYEON/KEYWORD,Тип усиления команды
BEGINNER_RECRUIT/TIP_SANGHYEON,Поднимает статы всей команды и создаёт шансы  -  рекомендован для всего контента
BEGINNER_RECRUIT/TIP_LISIA/KEYWORD,Специалист по подачам
BEGINNER_RECRUIT/TIP_LISIA,Угрожает подачей и поднимает мораль  -  рекомендован для всего контента
BEGINNER_RECRUIT/TIP_ZERO/KEYWORD,Тип поддержки пасом
BEGINNER_RECRUIT/TIP_ZERO,Помогает союзникам раскрыться благодаря мощным передачам  -  рекомендован для всего контента
BEGINNER_RECRUIT/TIP_AHYEON/KEYWORD,Тип связок
BEGINNER_RECRUIT/TIP_AHYEON,Нейтрализует врагов связкой с союзниками  -  для сложного контента
RECRUIT/SCOUT_MAXED,Скаутинг этого игрока полностью завершён.
,
,
STAR_CONDITION/ALWAYS,Победа
STAR_CONDITION/ONAIR_VIEWERS,Число зрителей: от {0} чел.
STAR_CONDITION/SPIKE_SCORE,Набрать очки атакой {0} раз
STAR_CONDITION/BACK_ATTACK_SCORE,Набрать очки атакой с задней линии {0} раз
STAR_CONDITION/QUICK_SCORE,Набрать очки быстрой атакой {0} раз
STAR_CONDITION/LOSE_SCORE,Потерять менее {0} очков
STAR_CONDITION/LOSE_SCORE_MANUAL,Потерять менее {0} очков в ручном режиме
STAR_CONDITION/DIFFICULTY_EXTREME,Победить на сложности «Очень сложно»
STAR_CONDITION/DIFFICULTY_HARD,Победить на сложности «Сложно»
STAR_CONDITION/WIN_SCORE_WITHOUT_AUTO,Победить с преимуществом не менее {0} очков в ручном режиме
STAR_CONDITION/WIN_SCORE_WITHOUT_BEGINNER,Победить с преимуществом не менее {0} очков без режима новичка
CONVERTED_GAUGE_AMOUNT,Всего преобразовано: {0}
COMMON/TOTAL,Всего
TUTORIAL_MB_MOVEMENT,Тренировка центрального блокирующего
TUTORIAL_MISSION/QUICK,Выполнить быструю атаку
TUTORIAL_MISSION/FAKE_QUICK,Отвлечь Роберто ложной атакой
TUTORIAL/QUICK,Быстрая атака
TUTORIAL/QUICK_DES,"Прыгните до передачи связующего,#и он даст передачу центральному на первый темп."
QUICK_TUTORIAL/01,"Атака первым темпом  -  основа основ для центрального блокирующего.#Если ты этого не умеешь... сложно назвать тебя центральным блокирующим, правда?"
QUICK_TUTORIAL/02,"Главное  -  прыгнуть раньше, чем наш связующий выполнит передачу.#К моменту, когда мяч подлетит, ты уже должен быть на высоте для атаки первым темпом."
QUICK_TUTORIAL/03,"Если поймаешь момент, связующий сам выведет мяч прямо тебе под руку."
QUICK_TUTORIAL/04,Для начала попробуй. Прыгни рядом со мной прямо перед передачей... и атакуй!
RECEIVE_QUICK_TUTORIAL/01,О~ Неплохо! На этот раз получилось вполне достойно.
RECEIVE_QUICK_TUTORIAL/02,Теперь попробуем как в настоящем матче?
RECEIVE_QUICK_TUTORIAL/03,"Роберто тебе поможет.#Он подстроится, чтобы ты освоил момент атаки первым темпом, так что не волнуйся."
RECEIVE_QUICK_TUTORIAL/04,"После приёма сразу беги к сетке.#Проведи атаку первым темпом так, как тебя учили."
FAKE_QUICK_TUTORIAL/01,"Хорошо, хорошо. Теперь уже начинает получаться как надо."
FAKE_QUICK_TUTORIAL/02,"Похоже, момент для атаки первым темпом ты уже более-менее освоил...#Роберто, теперь блокируй по-настоящему."
FAKE_QUICK_TUTORIAL/03,"В этот раз он будет всерьёз блокировать твою атаку первым темпом.#Теперь так же легко атаковать не получится, верно?"
FAKE_QUICK_TUTORIAL/04,Но вот что.#Центральному блокирующему не обязательно всегда атаковать мяч.#Отвлекать блокирующих соперника  -  тоже часть работы.
FAKE_QUICK_TUTORIAL/05,"Даже если просто вовремя прыгнуть, изображая атаку первым темпом, соперник уже не сможет тебя игнорировать."
FAKE_QUICK_TUTORIAL/06,"В этот раз не касайся мяча, а просто прыгни.#Оттяни блок Роберто на себя и помоги нашему доигровщику набрать очко комбинационной атакой."
PRACTICE_GO_TUTORIAL_04/01,"О~ Прекрасно, просто прекрасно."
PRACTICE_GO_TUTORIAL_04/02,"Совсем не то же самое, что играть доигровщиком, правда? Ну как, справишься?"
PRACTICE_GO_TUTORIAL_04/03,"Теперь ты знаешь, что такое атака первым темпом. Остальное освоим дальнейшими тренировками."
WRONG_ATTACK_POSITION_TIP,Прыгните в светящейся области.
MIDAIR_AT_TOSS_TIP,Нужно прыгнуть до передачи связующего.
MIDAIR_AT_TOSS_TIP_THATS_OPEN,"Это не атака первым темпом, а атака с высокой передачи."
MIDAIR_AT_TOSS_TIP_TOO_FAST,Попробуйте прыгнуть немного позже.
MIDAIR_AT_TOSS_TIP_TOO_FAR,"Чем дальше ты от сетки, тем сложнее атаковать первым темпом."
ATTACK_BEFORE_TOSS_TIP,Синхронизируйте атаку с передачей связующего.
ATTACK_IN_COURT_TIP,Нужно ударить по мячу дальше перед собой.
FAKE_JUMP_TIP,Прыгните в нужный момент для атаки первым темпом.
FAKE_QUICK_TIP,"Приземлитесь, не касаясь мяча."
TOO_FAST_QUICK_TIP,Выполните замах в нужный момент.
QUICK_TOSS_FAIL_TIP,"Прыгай заранее, чтобы я мог дать передачу на первый темп."
BLOCKING_BREAK_TIP,Цельтесь в слабое место и пробейте блок!
,
,
,
SHOP/DOUBLE_BONUS,BONUS! +{0}VP
SHOP/FIRST_PURCHASE_BONUS,Специальное предложение!
COMMON/WEEKDAY_SUN,Воскресенье
COMMON/WEEKDAY_MON,Понедельник
COMMON/WEEKDAY_TUE,Вторник
COMMON/WEEKDAY_WED,Среда
COMMON/WEEKDAY_THU,Четверг
COMMON/WEEKDAY_FRI,Пятница
COMMON/WEEKDAY_SAT,Суббота
BLOCKING_LIFE,Прочность блока
NAME/TEAM_NATIONAL_STUDENTS_1,Тренировочная команда U21 - A
NAME/TEAM_NATIONAL_STUDENTS_2,Тренировочная команда U21 - B
NAME/TEAM_NATIONAL_STUDENTS_3,Тренировочная команда U21 - Все звёзды
NAME/TEAM_NATIONAL_STUDENTS_4,Тренировочная команда U21 - C
NAME/TEAM_NATIONAL_STUDENTS_5,Тренировочная команда U21 - D
NAME/TEAM_NATIONAL_STUDENTS_6,Тренировочная команда U21 - E
NAME/TEAM_NATIONAL_STUDENTS_7,Тренировочная команда U21 - F
NAME/STAGE_13_01,Учитель и ученик
NAME/STAGE_13_02,Хорошая новость
NAME/STAGE_13_03,Первый день в лагере
NAME/STAGE_13_04,Знакомство
NAME/STAGE_13_05,Суровая реальность
NAME/STAGE_13_06,Новичок сборной
NAME/STAGE_13_07,"Тот, кто догоняет"
NAME/STAGE_13_08,Форма таланта
NAME/STAGE_13_09,Снова и снова
NAME/STAGE_13_10,Единственный шанс
NAME/STAGE_13_11,"Прощай, Шиу"
NAME/CHAPTER_13,On My Way
NAME/SEASON_03,Сезон 3
PLAYER/HAN_GITAE/NICKNAME,Стальной центральный блокирующий
PLAYER/HAN_GITAE/LINE,"Я как раз немного затёк. Ну что, разомнёмся?"
PLAYER/HAN_GITAE/LINE_2,Никаких поблажек. Нападай в полную силу!
PLAYER/HAN_GITAE/GACHA/LINE,Никаких поблажек.<wait=100> Нападай в полную силу!
PLAYER/SEO_YUNA/NICKNAME,Гений адаптации
PLAYER/SEO_YUNA/LINE,"Я тебе покажу. Я куда сильнее, чем кажусь!"
PLAYER/SEO_YUNA/GACHA/LINE,"Раз уж судьба свела нас вместе,<break><wait=85><b>давайте победим их всех до единого!"
PLAYER/SEO_YUNA/GACHA/LINE_2,"Подумаешь, талант! Его можно превзойти упорным трудом!"
SETTING/PREFERENCE/TIMEOUT_SPINE_ANIM,Анимация тайм-аута
,
SETTING/PREFERENCE/TIMEOUT_SPINE_ANIM/DES,Плавное воспроизведение анимаций иллюстраций в высоком качестве на экране тайм-аута. Может влиять на производительность.
NAME/ELITE_MATCH_MON,Первоклассные игроки
NAME/ELITE_MATCH_TUE,Синяя сталь
NAME/ELITE_MATCH_WED,Валентия Нападающий ударс
NAME/ELITE_MATCH_THU,Сильфид Кейс
NAME/ELITE_MATCH_FRI,«Эшвилл Уизелс»
NAME/ELITE_MATCH_SAT,Мягкий металл
NAME/ELITE_MATCH_SUN,Темпеста Роза
,
,
,
,
,
NAME/ELITE_MATCH_DES,Побеждайте разные команды соперников в зависимости от дня недели и получайте награды события!
TUTORIAL/ELITE_RULE_UI_APPEAR_DES,"У каждого игрока есть собственные запасы выносливости и силы духа.#Выносливость отображается жёлтым цветом, а сила духа  -  синим."
TUTORIAL/ELITE_RULE_UI_DAMAGE_DES,"У принявшего мяч игрока уменьшаются выносливость и сила духа.#Если выносливость закончится, игрок не сможет защититься."
TUTORIAL/ELITE_RULE_DEFENSE_TIMING_DES,"Нажмите кнопку приёма в падении или приёма в нужный момент, чтобы снизить урон.#Если не нажать кнопку, защита будет определена случайным образом."
TUTORIAL/ELITE_RULE_RECEIVE_DES,"Выполните приём в нужный момент, чтобы мяч стабильно отскочил вверх.#Идеальный приём создаёт шансбол."
TUTORIAL/ELITE_RULE_SLIDING_DES,"Игра в падении позволяет защищать большую зону, но мяч отскакивает менее стабильно.#Защита в падении не создаёт Шанс-бол."
TUTORIAL/ELITE_RULE_FLOATER_SERVE_DES,"Планирующая и гибридная подачи наносят урон, игнорирующий защиту.#Если не защититься в нужный момент, игрок получит большой урон."
TUTORIAL/ELITE_RULE_MENTALITY_DES,"Сила духа почти не восстанавливается между розыгрышами.#Чем ниже сила духа игрока, тем больше выносливости он теряет при защите."
TUTORIAL/ELITE_RULE_EXHAUST_DES,"Когда сила духа полностью исчерпана, игрок на некоторое время переходит в состояние истощения.#Во время истощения сила духа не восстанавливается."
TUTORIAL/ELITE_RULE_FORMATION_DES,Позиции игроков в защите не меняются при переходе права подачи.#Изменить позиции игроков в защите можно во время тайм-аута.
TUTORIAL/RAID_TIP_06,Почти в самый раз!
STORYMODE_TIP_9,Применяются элитные правила.
MAP_NATIONAL,Спортзал «Взлёт»
,
NAME LANG,
IVAN_NAM,Иван Нам
SEONGJIN_PARK,Пак Сонджин
CHEI_YOO,Ю Чхэи
JINKYEONG_KIM,Ким Джингён
SEOHEE_PYEON,Пхён Сохи
JINHYUN_KIM,Ким Джинхён
MINSEO_JO,Чо Минсо
JAEWON_LEE,Ли Джэвон
MR_COACH,Тренер
,
SPECIALIZATION/PRESET,Пресет
SPECIALIZATION/REFUND_ALERT,Вернуть очки специализации?
SPECIALIZATION/RESET_PRESET_ALERT,Сбросить пресет {0}?
SPECIALIZATION/PREREQUISITE_AP,Предв. AP {0}
SPECIALIZATION/NO_EFFECT,Нет эффекта
SPECIALIZATION/WEAKNESS,Ослабление
SPECIALIZATION/UNLOCK,Открыть
SPECIALIZATION/DOWNGRADE,Понизить
SPECIALIZATION/UPGRADE,Повысить
SPECIALIZATION/ERROR/SPECIALIZATION_AP_LEVEL_MIN,Нельзя понизить дальше.
SPECIALIZATION/ERROR/SPECIALIZATION_AP_LEVEL_EXCEEDS_MAX,Уже максимальный уровень.
SPECIALIZATION/ERROR/SPECIALIZATION_AP_OVERSPENT,Недостаточно AP. ({0}/{1})
SPECIALIZATION/ERROR/SPECIALIZATION_PREREQUISITE_AP_NOT_ENOUGH,Недостаточно AP в предшествующей специализации. ({0})
SPECIALIZATION/ERROR/SPECIALIZATION_PREREQUISITE_AP_NOT_ENOUGH/DEPENDENT,Это нарушит условие предв. AP у {0}. ({1})
SPECIALIZATION/ERROR/SPECIALIZATION_CORE_LIMIT_EXCEEDED,Превышен лимит активных ключевых специализаций.
SPECIALIZATION/ERROR/SPECIALIZATION_IDENTITY_CORE_LIMIT_EXCEEDED,Можно активировать только 1 ключевую специализацию индивидуальности.
SPECIALIZATION/ERROR/SPECIALIZATION_WEAKNESS_CHAIN_BLOCKED,Нельзя выбирать ослабление одной характеристики подряд.
SPECIALIZATION/ERROR/SPECIALIZATION_WEAKNESS_BALANCE_BROKEN,Нарушен баланс ветки ослабления.
SPECIALIZATION/ERROR/SPECIALIZATION_PREREQUISITE_NOT_UNLOCKED,Сначала необходимо открыть предшествующую специализацию.
SPECIALIZATION/ERROR/NOT_ENOUGH_ITEM_AMOUNT,Недостаточно очков открытия. ({0}/{1})
SPECIALIZATION/POINT/WS/OFFENSE,Очки открытия атаки WS
SPECIALIZATION/POINT/WS/DEFENSE,Очки открытия защиты WS
SPECIALIZATION/POINT/WS/IDENTITY,Очки открытия индивидуальности WS
SPECIALIZATION/POINT/MB/OFFENSE,Очки открытия атаки MB
SPECIALIZATION/POINT/MB/DEFENSE,Очки открытия защиты MB
SPECIALIZATION/POINT/MB/IDENTITY,Очки открытия индивидуальности MB
SPECIALIZATION/POINT/SE/OFFENSE,Очки открытия атаки SE
SPECIALIZATION/POINT/SE/DEFENSE,Очки открытия защиты SE
SPECIALIZATION/POINT/SE/IDENTITY,Очки открытия индивидуальности SE
SPECIALIZATION/POINT/WS/OFFENSE_DESC,Используются для открытия атакующих специализаций WS.
SPECIALIZATION/POINT/WS/DEFENSE_DESC,Используются для открытия защитных специализаций WS.
SPECIALIZATION/POINT/WS/IDENTITY_DESC,Используются для открытия специализаций индивидуальности WS.
SPECIALIZATION/POINT/MB/OFFENSE_DESC,Используются для открытия атакующих специализаций MB.
SPECIALIZATION/POINT/MB/DEFENSE_DESC,Используются для открытия защитных специализаций MB.
SPECIALIZATION/POINT/MB/IDENTITY_DESC,Используются для открытия специализаций индивидуальности MB.
SPECIALIZATION/POINT/SE/OFFENSE_DESC,Используются для открытия атакующих специализаций SE.
SPECIALIZATION/POINT/SE/DEFENSE_DESC,Используются для открытия защитных специализаций SE.
SPECIALIZATION/POINT/SE/IDENTITY_DESC,Используются для открытия специализаций индивидуальности SE.
SPECIALIZATION/HELP/AP,"Открыв специализацию за очки открытия, можно повысить её уровень за AP игрока и активировать её.#Потраченные AP можно свободно вернуть, понизив уровень, но отменить открытие специализации нельзя."
SPECIALIZATION/HELP/AP_ALERT,"* Эффекты и значения специализаций могут быть изменены в будущих обновлениях.#Если эффект или значение будет изменено, можно вернуть все очки открытия, потраченные на специализации этого игрока."
SPECIALIZATION/HELP/PRESET,Распределение AP по специализациям можно сохранить в пресете.#При смене пресета открытые специализации остаются открытыми.
SPECIALIZATION/STATUS/LOCKED,Заблокировано
SPECIALIZATION/ACTIVATE,Активировать
SPECIALIZATION/DEACTIVATE,Деактивировать
SPECIALIZATION/TIER/GROWTH,Развитие
SPECIALIZATION/TIER/ENHANCEMENT,Усиление
SPECIALIZATION/TIER/TACTICAL,Тактика
SPECIALIZATION/TIER/CORE,Ядро
SPECIALIZATION/TIER/UNIQUE,Уникальность
SPECIALIZATION,Специализация
IAP,
EV2609_GROWTH_PACKAGE,Пакет Роста
EV2609_GROWTH_PACKAGE_DESC,"Набор, содержащий большое количество жетонов и очков опыта."
EV2609_WELCOME_ELITE_PACKAGE,Приветственный элитный набор
EV2609_WELCOME_ELITE_PACKAGE_DESC,"Набор, содержащий 10 билетов набора игроков с повышенным шансом и немного валюты."
EV2609_PACKAGE_1,Элитный набор 1
EV2609_PACKAGE_1_DESC,"Набор, содержащий 300 элитных монет и 360 V-очков."
EV2609_PACKAGE_2,Элитный набор 2
EV2609_PACKAGE_2_DESC,"Набор, содержащий 860 элитных монет и 1270 V-очков."
EV2609_ELITE_PREMIUM_PACKAGE,Элитный премиум-набор
EV2609_ELITE_PREMIUM_PACKAGE_DESC,"Набор, содержащий 10 билетов набора игроков с повышенным шансом и большое количество валюты."
EV2609_ELITE_ROYAL_PACKAGE,Элитный королевский набор
EV2609_ELITE_ROYAL_PACKAGE_DESC,"Набор, содержащий 20 билетов набора игроков с повышенным шансом и большое количество валюты."
EV2609_EXTREME_ROYAL_PACKAGE,Элитный экстремальный королевский набор
EV2609_EXTREME_ROYAL_PACKAGE_DESC,"Набор, содержащий 40 билетов набора игроков с повышенным шансом и огромное количество валюты."
EV2609_NORMAL_PASS,Обычный пропуск
EV2609_NORMAL_PASS_DESC,Получайте различные комплекты формы и валюту с обычным пропуском.
EV2609_PREMIUM_PASS,Премиум-пропуск
EV2609_PREMIUM_PASS_DESC,"Открывает премиум-пропуск, который продлевает событие входа на 3 дня и позволяет получить эксклюзивную форму и большое количество валюты."
EV2609_ROYAL_PASS,Королевский пропуск
EV2609_ROYAL_PASS_DESC,"Открывает королевский пропуск, который продлевает событие входа на 1 день и позволяет получить большое количество валюты. Доступен после покупки премиум-пропуска."
EV2609_PREMIUM_ROYAL_PASS,Премиум-пропуск + Королевский пропуск
EV2609_PREMIUM_ROYAL_PASS_DESC,"Набор, открывающий премиум-пропуск и королевский пропуск одновременно."
BEGINNER_PLAYER_RECRUIT_TICKET,Билет найма для новичков
BEGINNER_RECRUIT_PACKAGE,Набор билетов для новичков
BEGINNER_RECRUIT_PACKAGE_DESC,Содержит 40 билетов найма для новичков.
DEFAULT_40VP_PACKAGE,Набор с V-очками x40
DEFAULT_40VP_PACKAGE_DESC,Содержит 40 V-очков.
DEFAULT_200VP_PACKAGE,Набор с V-очками x200
DEFAULT_200VP_PACKAGE_DESC,Содержит 200 V-очков.
DEFAULT_420VP_PACKAGE,Набор с V-очками x420
DEFAULT_420VP_PACKAGE_DESC,Содержит 420 V-очков.
DEFAULT_1280VP_PACKAGE,Набор с V-очками x1280
DEFAULT_1280VP_PACKAGE_DESC,Содержит 1280 V-очков.
DEFAULT_2160VP_PACKAGE,Набор с V-очками x2160
DEFAULT_2160VP_PACKAGE_DESC,Содержит 2160 V-очков.
DEFAULT_4000VP_PACKAGE,Набор с V-очками x4 000
DEFAULT_4000VP_PACKAGE_DESC,Содержит 4 000 V-очков.
DEFAULT_40VP_PACKAGE_2X,Набор V-очки x40 (x2)
DEFAULT_40VP_PACKAGE_2X_DESC,40 V-очков + ещё 40 в подарок!#Возможность получить бонус периодически обновляется.
DEFAULT_200VP_PACKAGE_2X,Набор V-очки x200 (x2)
DEFAULT_200VP_PACKAGE_2X_DESC,200 V-очков + ещё 200 в подарок!#Возможность получить бонус периодически обновляется.
DEFAULT_420VP_PACKAGE_2X,Набор V-очки x420 (x2)
DEFAULT_420VP_PACKAGE_2X_DESC,420 V-очков + ещё 420 в подарок!#Возможность получить бонус периодически обновляется.
DEFAULT_1280VP_PACKAGE_2X,Набор V-очки x1280 (x2)
DEFAULT_1280VP_PACKAGE_2X_DESC,1280 V-очков + ещё 1280 в подарок!#Возможность получить бонус периодически обновляется.
DEFAULT_2160VP_PACKAGE_2X,Набор V-очки x2160 (x2)
DEFAULT_2160VP_PACKAGE_2X_DESC,2160 V-очков + ещё 2160 в подарок!#Возможность получить бонус периодически обновляется.
DEFAULT_4000VP_PACKAGE_2X,Набор V-очки x4000 (x2)
DEFAULT_4000VP_PACKAGE_2X_DESC,4000 V-очков + ещё 4000 в подарок!#Возможность получить бонус периодически обновляется.
상품(Product시트에 들어갈 것),
GITAE_UNIFROM,Форма Хан Гитхэ
GITAE_UNIFROM/DESC,"Мужская форма команды университета «Чонмён».#Сшита из особой высокопрочной ткани, устойчивой к разрывам от трения и сильных ударов."
BACK_ELITE_WAIT_ROOM,Тренировочный центр сборной
BACK_ELITE_WAIT_ROOM/DESC,"Специализированный тренировочный центр, где собираются лучшие волейболисты Южной Кореи.#Здесь крупнейшая в стране профессиональная база и передовые системы подготовки. В этом месте оттачивают мастерство лучших игроков, и оно печально известно исключительной суровостью тренировок."
BACK_ELITE_HALLWAY,Фон коридора спортзала
BACK_ELITE_HALLWAY/DESC,"Коридор спортзала в тренировочном центре сборной.#Когда Инхо и его напарник играли за сборную, они часто ходили здесь и рассказывали друг другу о своих мечтах."
YOUTH_BALL,Специальный мяч NTC
YOUTH_BALL/DES,"Специальный мяч тренировочного центра сборной, изготовленный волейбольным брендом 'RISE'."
GITAE_BALL,Любимый мяч Хан Гитхэ
GITAE_BALL/DES,"Волейбольный мяч, которым особенно дорожит Хан Гитхэ.#Говорят, в день важного матча он всегда тренируется именно с этим мячом."
YOUTH_UNIFORM_MALE,Мужская форма молодёжной сборной
YOUTH_UNIFORM_MALE/DES,"Официальная мужская форма молодёжной сборной от волейбольного бренда 'RISE'.#Она настолько популярна, что в сезон международных турниров разлетается как горячие пирожки."
YOUTH_UNIFORM_FEMALE,Женская форма молодёжной сборной
YOUTH_UNIFORM_FEMALE/DES,"Официальная женская форма молодёжной сборной от волейбольного бренда 'RISE'.#Она настолько популярна, что в сезон международных турниров разлетается как горячие пирожки."
JAEHYUN_UNIFORM,Форма Нам Чжэхёна
JAEHYUN_UNIFORM/DES,"Официальная мужская форма волейбольной команды старшей школы Ханыль.#В день, когда Нам Чжэхён впервые получил её, он довольно долго стоял перед зеркалом."
JAEHYUN_SHOES,Обувь Нам Чжэхёна
SEJIN_UNIFORM,Форма Кан Седжина
SEJIN_UNIFORM/DES,Официальная мужская форма волейбольной команды старшей школы Чхонан.#Почему-то в этой форме Кан Седжин особенно любит красоваться.
SEJIN_SHOES,Обувь Кан Седжина
YUNA_UNIFORM,Форма Со Юны
YUNA_UNIFORM/DES,"Официальная женская форма волейбольной команды старшей школы Чхольвон.#Любимая вещь Со Юны: у неё целых 5 одинаковых комплектов, которые она носит по очереди."
YUNA_SHOES,Обувь Со Юны
BGM_COLEMAN_STORY_DESC,"CHAPTER 13. #「Ты начал играть в волейбол так рано, и ничего не знаешь.」"
BGM_NATIONAL_TRAINING_MATCH_DESC,"CHAPTER 13. #「Я должна сделать все, что в моих силах!」"
BGM_TRAINING_CAMP_BUDDIES_DESC,CHAPTER 13. #「Я очень хочу попасть в национальную сборную!」
PROFILE_FRAME_EV2609,Рамка элитных этапов
PROFILE_TITLE_ELITE_SPIKER,Элитный игрок
PROFILE_STICKER_GLOBAL,Глобальный стикер
PROFILE_STICKER_GITAE,Стикер Хан Гитхэ
PROFILE_STICKER_TROPHY,Стикер элитного трофея
,
,
,
,
,
,
,
,
BEGINNER_RECRUIT/CAN_SCOUT,Можно получить игрока для новичков!
RECRUIT/HELP_TITLE,Набор игроков
RECRUIT/HELP_LINE_1,"Можно получить игроков, потратив билеты набора или валюту."
RECRUIT/HELP_LINE_2,Игроков из набора игроков события можно скаутить с помощью шкалы набора события и шкалы рекрутинга с повышенным шансом.
RECRUIT/HELP_LINE_3,Игроков из набора игроков для новичков можно скаутить с помощью шкалы набора для новичков.
RECRUIT/HELP_LINE_4,Билеты найма избранных игроков события сгорают после его окончания.
RECRUIT/SCOUT_NO_MORE,Больше нельзя скаутить.
RECRUIT/NOT_ENOUGH_GAUGE,Недостаточно единиц шкалы.
RECRUIT/SCOUT_CONFIRM_EVENT_FIRST,Сначала списывается {0}.
RECRUIT/CURRENCY_NOT_ENOUGH_GO_SHOP,Недостаточно валюты. Перейти в Магазин?
RECRUIT/BUY_THEN_RECRUIT,Нанять после покупки
COMMON/RECRUIT,Набор
CONVERTED_GAUGE_AMOUNT,Всего преобразовано: {0}
,
COMMON/MAX_BUY_COUNT,Максимальное количество покупок : {0}
COMMON/TOTAL_BUY_DES,Вы купите предметы в количестве {0} шт.
COMMON/EASY,Легко
COMMON/TOOHARD,Очень сложно
,
RECRUIT/SCOUT_RULE_OVER_ROUND,Даже после последнего раунда вы можете продолжать скаутинг с той же шкалой.
RECRUIT/SCOUT_ROUND_AFTER,С попытки {0}
