KEY,말레이어(ms)
NOT_EXIST_FILTERGROUP,Kumpulan penapis tidak wujud.
NOT_EXIST_ARENA_POINT_REWARD_LIST,Senarai ganjaran mata Arena tidak wujud.
NOT_FOUND_ARENA_POINT_REWARD,Tiada ganjaran mata terkumpul untuk musim semasa.
ALREADY_CLAIMED_ARENA_POINT_REWARD,Ganjaran mata terkumpul telah dituntut.
NOT_EXIST_USER_TIER,Tahap pengguna tidak wujud.
NOT_EXIST_USER_ATTENDANCE,Data kehadiran tidak wujud.
NOT_EXIST_ACHIEVEMENTLIST,Gagal memuatkan data pencapaian.
NOT_EXIST_TIERLIST,Gagal memuatkan data tahap.
NOT_ENOUGH_TIER_DIAMOND,Kandungan Arena tersedia dari tahap Diamond dan ke atas.
NOT_FOUND_USER_ARENA_ROUND,Data pusingan Arena pengguna tidak ditemui.
NOT_COMPLETE_ARENA,Arena belum diselesaikan.
NOT_COMPLETE_ROUND,Pusingan belum diselesaikan.
NOT_FAILED_ROUND,Pusingan ini tidak gagal.
NOT_DRAW_CARD,Belum menarik kad.
INVALID_COST_PACKAGE,Pakej kos tidak sah.
NOT_EXIST_USER,Pengguna tidak wujud.
NOT_ENOUGH_VPOINT,Mata V tidak mencukupi.
NOT_ENOUGH_FREEVPOINT,Mata V percuma tidak mencukupi.
NOT_ENOUGH_PAIDVPOINT,Mata V berbayar tidak mencukupi.
NOT_ENOUGH_CREDIT,Kredit tidak mencukupi.
NOT_ENOUGH_EXPPOINT,EXP tidak mencukupi.
NOT_ENOUGH_BLUEFLAME,Api Biru tidak mencukupi.
NOT_EXIST_INVENTORY,Inventori tidak wujud.
ITEM_NOT_FOUND,Item tidak wujud.
NOT_ENOUGH_ITEM_AMOUNT,Kuantiti item tidak mencukupi.
NOT_EXIST_AWAKEN_ITEM,Senarai item awaken tidak wujud.
NOT_EXIST_PRODUCT_LIST,Senarai produk tidak wujud.
NOT_EXIST_PLAYER_LIST,Senarai pemain tidak wujud.
INVALID_PLAYER_ID,Pemain tidak sah.
INVALID_AWAKEN_ITEM,Item awaken tidak sah.
INVALID_AWAKEN_COST_PRODUCT,Produk awaken tidak sah.
NOT_ENOUGH_USER_PLAYER,Bilangan pemain dimiliki tidak mencukupi.
NOT_ENOUGH_ABILITY_CARD,Tidak boleh menarik 6 kad.
NOT_AVAILABLE_RESET_TICKET,Tiket reset tidak boleh digunakan.
USER_PLAYER_LIST_NOT_FOUND,Senarai pemain pengguna tidak wujud.
ALREADY_SELECT_DIFFICULTY,Tahap kesukaran telah dipilih.
NOT_SELECT_PLAYER_POOL,Kumpulan pemain belum dipilih.
NOT_SELECT_DIFFICULTY,Tahap kesukaran belum dipilih.
NOT_START_ROUND,Pusingan belum dimulakan.
DATA_HACKED,Pengubahsuaian data tidak normal dikesan.
INVALID_STATUS,Tidak boleh melaksanakan permintaan dalam keadaan semasa.
TIME_OVER,Masa telah tamat.
NOT_FOUND_USER_ARENA_ROUND,Data pusingan Arena pengguna tidak ditemui.
